Workbook

Sheet อ่านก่อน
B1: รายการตรวจเนื้อหาแอป 형범 (Hanguk Hyeong-Bum)
B2: แอปเรียนภาษาเกาหลีสำหรับคนไทย — ไฟล์นี้รวมข้อความเกาหลี คำอ่านไทย และคำแปลทั้งแอป เพื่อให้เจ้าของภาษา/ครูช่วยตรวจก่อนเผยแพร่กว้างขึ้น
B4: ใครตรวจอะไร
B5: ผู้ตรวจที่เป็นคนเกาหลี (또는 한국어 선생님) | C5: ตรวจช่อง ①: ภาษาเกาหลีถูกต้อง/เป็นธรรมชาติ/ระดับความสุภาพเหมาะกับผู้พูดหรือไม่ · 한국어 칸 ①만 확인해 주세요 (아래 한국어 안내 참고)
B6: ผู้ตรวจที่อ่านไทยออก (คนไทยที่รู้เกาหลี หรือครูสอนเกาหลี) | C6: ตรวจช่อง ② คำอ่านไทยว่าตรงกับ "เสียงที่ได้ยินจริง" และช่อง ③ คำแปลไทยว่าตรงความหมายและเป็นภาษาไทยที่เป็นธรรมชาติ
B7: ถ้าตรวจคนเดียวทั้งสามช่อง | C7: ได้เลย — แต่ถ้าไม่แน่ใจข้อไหน เลือก "? ไม่แน่ใจ" แล้วเขียนเหตุผล ดีกว่าเดาให้
B9: วิธีกรอก
B10: ช่องสีเหลือง | C10: คือช่องที่ต้องกรอก ช่องสีเทา/ขาวเป็นข้อมูลของแอป ห้ามแก้ (แก้ในช่อง "ข้อเสนอ" แทน)
B11: ตัวเลือกใน ① ② ③ | C11: ✔ ถูกต้อง · ✎ ควรแก้ (ใส่ข้อเสนอในช่องถัดไป) · ? ไม่แน่ใจ — เว้นว่างได้ถ้ายังไม่ได้ตรวจแถวนั้น
B12: ลำดับความสำคัญ | C12: ตรวจแถวที่ "สูง" ก่อน (บทเรียนและเรื่องราว ผู้เรียนเห็นบ่อยที่สุด) แล้วค่อย "กลาง" และ "ต่ำ" (ชื่อไอเทมในร้านค้า) — ใช้ตัวกรองที่หัวคอลัมน์ได้
B13: แถวที่มีหมายเหตุ | C13: ผู้พัฒนาเขียนเตือนไว้ เช่น ประโยคที่ลงท้ายไม่สุภาพ (ตั้งใจให้เป็นคำพูดกันเอง?) หรือคำที่เสียงเปลี่ยนจากตัวเขียน
B15: กฎการถอดเสียงอ่านเกาหลีเป็นไทยที่แอปใช้ (ช่อง ②)
B16: พยัญชนะต้น (เสียงเบา) | C16: ㄱ=ก · ㄷ=ด · ㅂ=บ · ㅈ=จ
B17: พยัญชนะต้น (พ่นลม) | C17: ㅋ=ค · ㅌ=ท · ㅍ=พ · ㅊ=ช
B18: พยัญชนะต้น (เสียงตึง) | C18: ㄲ=ก · ㄸ=ต · ㅃ=ป · ㅉ=จ (ภาษาไทยแยกตึง/เบาไม่ได้ จึงให้เสียงเป็นตัวสนับสนุน)
B19: สระ | C19: ㅐ=แ · ㅔ=เ · ㅚ=เว · ㅙ=แว · ㅓ=ออ · ㅗ=โอ · ㅡ=อือ · สระนำ (เ แ โ ไ) เขียนหน้าพยัญชนะเสมอ
B20: เขียนตามเสียงจริง | C20: เช่น 많아요 → มานาโย · 먹었어요 → มอกอซซอโย (ไม่ใช่ตามตัวเขียน) — ช่อง "เสียงอ่านจริง" ที่สร้างอัตโนมัติไว้ช่วยเทียบ (ผ่านกฎการออกเสียงหลัก อาจผิดในบางคำ)
B21: สิ่งที่ภาษาไทยทำไม่ได้ | C21: ไม่มีเสียงสั้น-ยาวของสระ ไม่มี ㅡ/ㅓ ที่ตรงเป๊ะ และเสียงวรรณยุกต์ไม่ตรงกับน้ำเสียงเกาหลี — คำอ่านไทยเป็นแค่ตัวช่วยเริ่มต้น ผู้เรียนมีเสียงพากย์ฟังคู่กัน
B23: ขอบเขต / สิ่งที่ไม่ต้องตรวจ
B24: ไม่ต้องตรวจ | C24: ภาพ เกม ราคา ระบบรางวัล · ชื่อไอเทมที่เป็นชื่อเฉพาะทำนองสมมติ (ตรวจแค่ว่าเกาหลีใช้พูดกันจริงไหม)
B25: ภาษาเกาหลีมาตรฐานที่ใช้ | C25: เกาหลีใต้ (서울말) สุภาพแบบ -아요/어요 เป็นหลัก ใช้ -ㅂ니다 ในประโยคทางการ (ทักทาย/ขอบคุณ)
B26: ผู้พูดในเรื่อง | C26: คุณยาย (할머니) พูดกับเด็กอย่างอบอุ่น · แม่ค้า · ผู้เล่น (นักเรียนต่างชาติ) · ผู้เล่าเรื่อง · สัตว์เลี้ยง (ใช้ภาษาเด็ก/น่ารักได้) — ดูช่อง "ผู้พูด"
B28: 한국어 안내 (Korean reviewers)
B29: 이 파일은 무엇인가요? | C29: 태국인을 위한 한국어 학습 앱의 모든 한국어 문장과 단어입니다. 원어민의 시각에서 어색하거나 틀린 표현이 없는지 확인해 주세요.
B30: 확인해 주실 부분 | C30: 노란색 칸 ① 「한국어 자연스러움」만 확인해 주시면 됩니다. 태국어(번역·발음 표기) 칸은 건너뛰셔도 됩니다.
B31: 표시 방법 | C31: ✔ 올바름 / ✎ 수정 필요 (옆 칸에 고친 문장을 써 주세요) / ? 잘 모르겠음
B32: 참고 | C32: 화자(할머니·가게 주인·학습자·내레이터·반려동물)에 맞는 말투인지, 띄어쓰기·철자·존댓말 수준이 일관적인지, 실제로 그렇게 말하는지 봐 주세요. 초급 학습자를 위한 문장이라 아주 단순하게 쓴 점은 양해 부탁드립니다.
B34: ตัวอย่างการกรอก (แถวตัวอย่าง ไม่ใช่ข้อมูลจริง)
B35: ช่อง ① = ✎ ควรแก้ | C35: ข้อเสนอ 한국어: 안녕히 가세요 (ผู้พูดเป็นคนที่ "อยู่" จึงใช้ 가세요 กับคนที่กำลังไป)
B36: ช่อง ③ = ? ไม่แน่ใจ | C36: ความเห็นอื่น ๆ: คำแปล "ลาก่อน" ฟังทางการเกินไปสำหรับบทสนทนาของเด็ก

Sheet สรุปความคืบหน้า
A1: ชุดข้อความ | B1: จำนวนแถว | C1: ตรวจ ① แล้ว | D1: ตรวจ ② แล้ว | E1: ตรวจ ③ แล้ว | F1: ทำเครื่องหมาย "ควรแก้" (รวม ①②③)
A2: บทเรียน | B2: =COUNTA('บทเรียน'!E2:E181) | C2: =COUNTA('บทเรียน'!J2:J181) | D2: =COUNTA('บทเรียน'!L2:L181) | E2: =COUNTA('บทเรียน'!N2:N181) | F2: =COUNTIF('บทเรียน'!J2:J181,"✎*")+COUNTIF('บทเรียน'!L2:L181,"✎*")+COUNTIF('บทเรียน'!N2:N181,"✎*")
A3: เรื่องราว | B3: =COUNTA('เรื่องราว'!E2:E283) | C3: =COUNTA('เรื่องราว'!J2:J283) | D3: =COUNTA('เรื่องราว'!L2:L283) | E3: =COUNTA('เรื่องราว'!N2:N283) | F3: =COUNTIF('เรื่องราว'!J2:J283,"✎*")+COUNTIF('เรื่องราว'!L2:L283,"✎*")+COUNTIF('เรื่องราว'!N2:N283,"✎*")
A4: กิจวัตร | B4: =COUNTA('กิจวัตร'!E2:E13) | C4: =COUNTA('กิจวัตร'!J2:J13) | D4: =COUNTA('กิจวัตร'!L2:L13) | E4: =COUNTA('กิจวัตร'!N2:N13) | F4: =COUNTIF('กิจวัตร'!J2:J13,"✎*")+COUNTIF('กิจวัตร'!L2:L13,"✎*")+COUNTIF('กิจวัตร'!N2:N13,"✎*")
A5: สัตว์เลี้ยง | B5: =COUNTA('สัตว์เลี้ยง'!E2:E35) | C5: =COUNTA('สัตว์เลี้ยง'!J2:J35) | D5: =COUNTA('สัตว์เลี้ยง'!L2:L35) | E5: =COUNTA('สัตว์เลี้ยง'!N2:N35) | F5: =COUNTIF('สัตว์เลี้ยง'!J2:J35,"✎*")+COUNTIF('สัตว์เลี้ยง'!L2:L35,"✎*")+COUNTIF('สัตว์เลี้ยง'!N2:N35,"✎*")
A6: ภารกิจ-ความสำเร็จ | B6: =COUNTA('ภารกิจ-ความสำเร็จ'!E2:E47) | C6: =COUNTA('ภารกิจ-ความสำเร็จ'!J2:J47) | D6: =COUNTA('ภารกิจ-ความสำเร็จ'!L2:L47) | E6: =COUNTA('ภารกิจ-ความสำเร็จ'!N2:N47) | F6: =COUNTIF('ภารกิจ-ความสำเร็จ'!J2:J47,"✎*")+COUNTIF('ภารกิจ-ความสำเร็จ'!L2:L47,"✎*")+COUNTIF('ภารกิจ-ความสำเร็จ'!N2:N47,"✎*")
A7: ร้านค้า | B7: =COUNTA('ร้านค้า'!E2:E203) | C7: =COUNTA('ร้านค้า'!J2:J203) | D7: =COUNTA('ร้านค้า'!L2:L203) | E7: =COUNTA('ร้านค้า'!N2:N203) | F7: =COUNTIF('ร้านค้า'!J2:J203,"✎*")+COUNTIF('ร้านค้า'!L2:L203,"✎*")+COUNTIF('ร้านค้า'!N2:N203,"✎*")
A8: รวม | B8: =SUM(B2:B7) | C8: =SUM(C2:C7) | D8: =SUM(D2:D7) | E8: =SUM(E2:E7) | F8: =SUM(F2:F7)
A10: ตัวเลขนี้คำนวณอัตโนมัติจากช่องที่กรอกในแต่ละแท็บ

Sheet บทเรียน
A1: # | B1: ความสำคัญ | C1: ที่มา (หน้า/บท/ฉาก) | D1: ผู้พูด | E1: 한국어 (เกาหลี) | F1: เสียงอ่านจริง (สร้างอัตโนมัติ — กฎการออกเสียง) | G1: คำอ่านไทย (ที่แอปแสดง) | H1: คำแปลไทย (ที่แอปแสดง) | I1: หมายเหตุจากผู้พัฒนา | J1: ① 한국어 ถูกต้อง/เป็นธรรมชาติ? | K1: ① ข้อเสนอแก้ 한국어 | L1: ② คำอ่านไทยตรงกับเสียงจริง? | M1: ② ข้อเสนอคำอ่านไทย | N1: ③ คำแปลไทยถูกต้อง? | O1: ③ ข้อเสนอคำแปล | P1: ความเห็นอื่น ๆ
A2: 1 | B2: สูง | C2: 모음 (สระพื้นฐาน 10 ตัว) · ตัวอักษร | E2: ㅏ | G2: อา | H2: สระ อา | I2: คำตัวอย่าง: 아기 (อากี) = ทารก
A3: 2 | B3: สูง | C3: 모음 (สระพื้นฐาน 10 ตัว) · ตัวอักษร | E3: ㅑ | G3: ยา | H3: สระ ยา | I3: คำตัวอย่าง: 야구 (ยากู) = เบสบอล
A4: 3 | B4: สูง | C4: 모음 (สระพื้นฐาน 10 ตัว) · ตัวอักษร | E4: ㅓ | G4: ออ | H4: สระ ออ | I4: คำตัวอย่าง: 어머니 (ออมอนี) = แม่
A5: 4 | B5: สูง | C5: 모음 (สระพื้นฐาน 10 ตัว) · ตัวอักษร | E5: ㅕ | G5: ยอ | H5: สระ ยอ | I5: คำตัวอย่าง: 여자 (ยอจา) = ผู้หญิง
A6: 5 | B6: สูง | C6: 모음 (สระพื้นฐาน 10 ตัว) · ตัวอักษร | E6: ㅗ | G6: โอ | H6: สระ โอ | I6: คำตัวอย่าง: 오리 (โอรี) = เป็ด
A7: 6 | B7: สูง | C7: 모음 (สระพื้นฐาน 10 ตัว) · ตัวอักษร | E7: ㅛ | G7: โย | H7: สระ โย | I7: คำตัวอย่าง: 요리 (โยรี) = การทำอาหาร
A8: 7 | B8: สูง | C8: 모음 (สระพื้นฐาน 10 ตัว) · ตัวอักษร | E8: ㅜ | G8: อู | H8: สระ อู | I8: คำตัวอย่าง: 우유 (อูยู) = นม
A9: 8 | B9: สูง | C9: 모음 (สระพื้นฐาน 10 ตัว) · ตัวอักษร | E9: ㅠ | G9: ยู | H9: สระ ยู | I9: คำตัวอย่าง: 유리 (ยูรี) = กระจก
A10: 9 | B10: สูง | C10: 모음 (สระพื้นฐาน 10 ตัว) · ตัวอักษร | E10: ㅡ | G10: อือ | H10: สระ อือ | I10: คำตัวอย่าง: 은행 (อึนเฮง) = ธนาคาร
A11: 10 | B11: สูง | C11: 모음 (สระพื้นฐาน 10 ตัว) · ตัวอักษร | E11: ㅣ | G11: อี | H11: สระ อี | I11: คำตัวอย่าง: 이름 (อีรึม) = ชื่อ
A12: 11 | B12: สูง | C12: 모음 · หมายเหตุประจำบท (ข้อความภาษาไทย) | H12: สระเกาหลีเขียนคู่กับ ㅇ (ไม่ออกเสียง) เมื่อขึ้นต้นคำ เช่น ㅏ → 아
A13: 12 | B13: สูง | C13: 자음 1 (พยัญชนะ ชุดที่ 1) · ตัวอักษร | E13: ㄱ | G13: ก | H13: พยัญชนะ ㄱ (기역) | I13: คำตัวอย่าง: 가방 (กาบัง) = กระเป๋า
A14: 13 | B14: สูง | C14: 자음 1 (พยัญชนะ ชุดที่ 1) · ตัวอักษร | E14: ㄴ | G14: น | H14: พยัญชนะ ㄴ (니은) | I14: คำตัวอย่าง: 나무 (นามู) = ต้นไม้
A15: 14 | B15: สูง | C15: 자음 1 (พยัญชนะ ชุดที่ 1) · ตัวอักษร | E15: ㄷ | G15: ด | H15: พยัญชนะ ㄷ (디귿) | I15: คำตัวอย่าง: 다리 (ดารี) = ขา / สะพาน
A16: 15 | B16: สูง | C16: 자음 1 (พยัญชนะ ชุดที่ 1) · ตัวอักษร | E16: ㄹ | G16: ร / ล | H16: พยัญชนะ ㄹ (리을) | I16: คำตัวอย่าง: 라면 (ราเมียน) = ราเมน
A17: 16 | B17: สูง | C17: 자음 1 (พยัญชนะ ชุดที่ 1) · ตัวอักษร | E17: ㅁ | G17: ม | H17: พยัญชนะ ㅁ (미음) | I17: คำตัวอย่าง: 모자 (โมจา) = หมวก
A18: 17 | B18: สูง | C18: 자음 1 (พยัญชนะ ชุดที่ 1) · ตัวอักษร | E18: ㅂ | G18: บ | H18: พยัญชนะ ㅂ (비읍) | I18: คำตัวอย่าง: 바나나 (บานานา) = กล้วย
A19: 18 | B19: สูง | C19: 자음 1 (พยัญชนะ ชุดที่ 1) · ตัวอักษร | E19: ㅅ | G19: ซ | H19: พยัญชนะ ㅅ (시옷) | I19: คำตัวอย่าง: 사과 (ซากวา) = แอปเปิล
A20: 19 | B20: สูง | C20: 자음 1 · หมายเหตุประจำบท (ข้อความภาษาไทย) | H20: ลองอ่านคู่กับสระ ㅏ: 가 나 다 라 마 바 사 · ㄱ ㄷ ㅂ ㅈ ออกเสียงเบา ไม่พ่นลม (แทนด้วย ก ด บ จ) ส่วน ㅋ ㅌ ㅍ ㅊ ที่จะเรียนต่อไปพ่นลมแรง (ค ท พ ช)
A21: 20 | B21: สูง | C21: 자음 2 (พยัญชนะ ชุดที่ 2) · ตัวอักษร | E21: ㅇ | G21: อ / ง | H21: พยัญชนะ ㅇ (이응) | I21: คำตัวอย่าง: 아이 (อาอี) = เด็ก
A22: 21 | B22: สูง | C22: 자음 2 (พยัญชนะ ชุดที่ 2) · ตัวอักษร | E22: ㅈ | G22: จ | H22: พยัญชนะ ㅈ (지읒) | I22: คำตัวอย่าง: 자동차 (จาดงชา) = รถยนต์
A23: 22 | B23: สูง | C23: 자음 2 (พยัญชนะ ชุดที่ 2) · ตัวอักษร | E23: ㅊ | G23: ช (พ่นลม) | H23: พยัญชนะ ㅊ (치읓) | I23: คำตัวอย่าง: 치마 (ชีมา) = กระโปรง
A24: 23 | B24: สูง | C24: 자음 2 (พยัญชนะ ชุดที่ 2) · ตัวอักษร | E24: ㅋ | G24: ค (พ่นลม) | H24: พยัญชนะ ㅋ (키읔) | I24: คำตัวอย่าง: 커피 (คอพี) = กาแฟ
A25: 24 | B25: สูง | C25: 자음 2 (พยัญชนะ ชุดที่ 2) · ตัวอักษร | E25: ㅌ | G25: ท (พ่นลม) | H25: พยัญชนะ ㅌ (티읕) | I25: คำตัวอย่าง: 토마토 (โทมาโท) = มะเขือเทศ
A26: 25 | B26: สูง | C26: 자음 2 (พยัญชนะ ชุดที่ 2) · ตัวอักษร | E26: ㅍ | G26: พ (พ่นลม) | H26: พยัญชนะ ㅍ (피읖) | I26: คำตัวอย่าง: 포도 (โพโด) = องุ่น
A27: 26 | B27: สูง | C27: 자음 2 (พยัญชนะ ชุดที่ 2) · ตัวอักษร | E27: ㅎ | G27: ฮ | H27: พยัญชนะ ㅎ (히읗) | I27: คำตัวอย่าง: 하늘 (ฮานึล) = ท้องฟ้า
A28: 27 | B28: สูง | C28: 자음 2 · หมายเหตุประจำบท (ข้อความภาษาไทย) | H28: ㅇ ต้นคำไม่ออกเสียง แต่ตัวสะกดออกเสียง ง เช่น 강 (คัง)
A29: 28 | B29: สูง | C29: 받침 1 (ตัวสะกด 7 เสียง) · คำศัพท์ | E29: 박 | G29: บัก | H29: ตัวสะกด ㄱ ㅋ ㄲ → เสียง k (แม่กก)
A30: 29 | B30: สูง | C30: 받침 1 (ตัวสะกด 7 เสียง) · คำศัพท์ | E30: 안 | G30: อัน | H30: ตัวสะกด ㄴ → เสียง n (แม่กน)
A31: 30 | B31: สูง | C31: 받침 1 (ตัวสะกด 7 เสียง) · คำศัพท์ | E31: 옷 | F31: 옫 | G31: โอด | H31: ตัวสะกด ㅅ ㅈ ㅊ ㅌ ㅎ ㄷ → เสียง t (แม่กด)
A32: 31 | B32: สูง | C32: 받침 1 (ตัวสะกด 7 เสียง) · คำศัพท์ | E32: 물 | G32: มุล | H32: ตัวสะกด ㄹ → เสียง l (ลิ้นแตะเพดานปาก)
A33: 32 | B33: สูง | C33: 받침 1 (ตัวสะกด 7 เสียง) · คำศัพท์ | E33: 밤 | G33: บัม | H33: ตัวสะกด ㅁ → เสียง m (แม่กม)
A34: 33 | B34: สูง | C34: 받침 1 (ตัวสะกด 7 เสียง) · คำศัพท์ | E34: 밥 | G34: บับ | H34: ตัวสะกด ㅂ ㅍ → เสียง p (แม่กบ)
A35: 34 | B35: สูง | C35: 받침 1 (ตัวสะกด 7 เสียง) · คำศัพท์ | E35: 강 | G35: กัง | H35: ตัวสะกด ㅇ → เสียง ng (แม่กง)
A36: 35 | B36: สูง | C36: 받침 1 · หมายเหตุประจำบท (ข้อความภาษาไทย) | H36: พยัญชนะใต้พยางค์ (받침) ออกเสียงได้แค่ 7 แบบ — คล้ายแม่กก กด กบ กน กม กง ของไทย ฟังแล้วท่องเป็นชุดได้เลย
A37: 36 | B37: สูง | C37: 받침 단어 (คำที่มีตัวสะกด) · คำศัพท์ | E37: 집 | G37: จิบ | H37: บ้าน
A38: 37 | B38: สูง | C38: 받침 단어 (คำที่มีตัวสะกด) · คำศัพท์ | E38: 책 | G38: แชก | H38: หนังสือ
A39: 38 | B39: สูง | C39: 받침 단어 (คำที่มีตัวสะกด) · คำศัพท์ | E39: 꽃 | F39: 꼳 | G39: โกด | H39: ดอกไม้
A40: 39 | B40: สูง | C40: 받침 단어 (คำที่มีตัวสะกด) · คำศัพท์ | E40: 달 | G40: ดัล | H40: ดวงจันทร์ / เดือน
A41: 40 | B41: สูง | C41: 받침 단어 (คำที่มีตัวสะกด) · คำศัพท์ | E41: 눈 | G41: นุน | H41: ตา / หิมะ
A42: 41 | B42: สูง | C42: 받침 단어 (คำที่มีตัวสะกด) · คำศัพท์ | E42: 빵 | G42: ปัง | H42: ขนมปัง
A43: 42 | B43: สูง | C43: 받침 단어 (คำที่มีตัวสะกด) · คำศัพท์ | E43: 한국 | G43: ฮันกุก | H43: เกาหลี
A44: 43 | B44: สูง | C44: 받침 단어 (คำที่มีตัวสะกด) · คำศัพท์ | E44: 학교 | F44: 학꾜 | G44: ฮักกโย | H44: โรงเรียน
A45: 44 | B45: สูง | C45: 받침 단어 (คำที่มีตัวสะกด) · คำศัพท์ | E45: 음악 | F45: 으막 | G45: อือมัก | H45: ดนตรี
A46: 45 | B46: สูง | C46: 받침 단어 (คำที่มีตัวสะกด) · คำศัพท์ | E46: 앞 | F46: 압 | G46: อับ | H46: ข้างหน้า
A47: 46 | B47: สูง | C47: 받침 단어 · หมายเหตุประจำบท (ข้อความภาษาไทย) | H47: ลองอ่านออกเสียงตามหลักตัวสะกดจากบทก่อน เช่น 꽃 สะกดด้วย ㅊ แต่ออกเสียงเป็น t (โกด)
A48: 47 | B48: สูง | C48: 숫자 1 (ตัวเลขแบบจีน-เกาหลี) · คำศัพท์ | E48: 영 | G48: ยอง | H48: ศูนย์ (0)
A49: 48 | B49: สูง | C49: 숫자 1 (ตัวเลขแบบจีน-เกาหลี) · คำศัพท์ | E49: 일 | G49: อิล | H49: หนึ่ง (1)
A50: 49 | B50: สูง | C50: 숫자 1 (ตัวเลขแบบจีน-เกาหลี) · คำศัพท์ | E50: 이 | G50: อี | H50: สอง (2)
A51: 50 | B51: สูง | C51: 숫자 1 (ตัวเลขแบบจีน-เกาหลี) · คำศัพท์ | E51: 삼 | G51: ซัม | H51: สาม (3)
A52: 51 | B52: สูง | C52: 숫자 1 (ตัวเลขแบบจีน-เกาหลี) · คำศัพท์ | E52: 사 | G52: ซา | H52: สี่ (4)
A53: 52 | B53: สูง | C53: 숫자 1 (ตัวเลขแบบจีน-เกาหลี) · คำศัพท์ | E53: 오 | G53: โอ | H53: ห้า (5)
A54: 53 | B54: สูง | C54: 숫자 1 (ตัวเลขแบบจีน-เกาหลี) · คำศัพท์ | E54: 육 | G54: ยุก | H54: หก (6)
A55: 54 | B55: สูง | C55: 숫자 1 (ตัวเลขแบบจีน-เกาหลี) · คำศัพท์ | E55: 칠 | G55: ชิล | H55: เจ็ด (7)
A56: 55 | B56: สูง | C56: 숫자 1 (ตัวเลขแบบจีน-เกาหลี) · คำศัพท์ | E56: 팔 | G56: พัล | H56: แปด (8)
A57: 56 | B57: สูง | C57: 숫자 1 (ตัวเลขแบบจีน-เกาหลี) · คำศัพท์ | E57: 구 | G57: กู | H57: เก้า (9)
A58: 57 | B58: สูง | C58: 숫자 1 (ตัวเลขแบบจีน-เกาหลี) · คำศัพท์ | E58: 십 | G58: ชิบ | H58: สิบ (10)
A59: 58 | B59: สูง | C59: 숫자 1 (ตัวเลขแบบจีน-เกาหลี) · คำศัพท์ | E59: 백 | G59: แบก | H59: หนึ่งร้อย (100)
... A62: 61 | B62: สูง | C62: 숫자 1 (ตัวเลขแบบจีน-เกาหลี) · คำศัพท์ | E62: 원 | G62: วอน | H62: วอน (สกุลเงินเกาหลี)
A63: 62 | B63: สูง | C63: 숫자 1 (ตัวเลขแบบจีน-เกาหลี) · ประโยค | E63: 얼마예요? | F63: 얼마예요? | G63: ออลมาเยโย | H63: เท่าไหร่ครับ/คะ
A64: 63 | B64: สูง | C64: 숫자 1 (ตัวเลขแบบจีน-เกาหลี) · ประโยค | E64: 삼천 원이에요 | F64: 삼천 워니에요 | G64: ซัมชอน วอนีเอโย | H64: สามพันวอนค่ะ
A65: 64 | B65: สูง | C65: 숫자 1 · หมายเหตุประจำบท (ข้อความภาษาไทย) | H65: ใช้กับ เงิน วันที่ นาที เบอร์โทร เช่น 삼천 원 = สามพันวอน
A66: 65 | B66: สูง | C66: 숫자 2 (ตัวเลขเกาหลีแท้ (นับของ)) · คำศัพท์ | E66: 하나 | G66: ฮานา | H66: หนึ่ง (1)
A67: 66 | B67: สูง | C67: 숫자 2 (ตัวเลขเกาหลีแท้ (นับของ)) · คำศัพท์ | E67: 둘 | G67: ดุล | H67: สอง (2)
A68: 67 | B68: สูง | C68: 숫자 2 (ตัวเลขเกาหลีแท้ (นับของ)) · คำศัพท์ | E68: 셋 | F68: 섿 | G68: เซด | H68: สาม (3)
A69: 68 | B69: สูง | C69: 숫자 2 (ตัวเลขเกาหลีแท้ (นับของ)) · คำศัพท์ | E69: 넷 | F69: 넫 | G69: เนด | H69: สี่ (4)
A70: 69 | B70: สูง | C70: 숫자 2 (ตัวเลขเกาหลีแท้ (นับของ)) · คำศัพท์ | E70: 다섯 | F70: 다섣 | G70: ดาซอด | H70: ห้า (5)
A71: 70 | B71: สูง | C71: 숫자 2 (ตัวเลขเกาหลีแท้ (นับของ)) · คำศัพท์ | E71: 여섯 | F71: 여섣 | G71: ยอซอด | H71: หก (6)
A72: 71 | B72: สูง | C72: 숫자 2 (ตัวเลขเกาหลีแท้ (นับของ)) · คำศัพท์ | E72: 일곱 | G72: อิลกบ | H72: เจ็ด (7)
A73: 72 | B73: สูง | C73: 숫자 2 (ตัวเลขเกาหลีแท้ (นับของ)) · คำศัพท์ | E73: 여덟 | F73: 여덜 | G73: ยอดอล | H73: แปด (8)
A74: 73 | B74: สูง | C74: 숫자 2 (ตัวเลขเกาหลีแท้ (นับของ)) · คำศัพท์ | E74: 아홉 | G74: อาฮบ | H74: เก้า (9)
A75: 74 | B75: สูง | C75: 숫자 2 (ตัวเลขเกาหลีแท้ (นับของ)) · คำศัพท์ | E75: 열 | G75: ยอล | H75: สิบ (10)
A76: 75 | B76: สูง | C76: 숫자 2 (ตัวเลขเกาหลีแท้ (นับของ)) · คำศัพท์ | E76: 개 | G76: แก | H76: หน่วยนับ: ชิ้น/อัน
A77: 76 | B77: สูง | C77: 숫자 2 (ตัวเลขเกาหลีแท้ (นับของ)) · คำศัพท์ | E77: 명 | G77: มยอง | H77: หน่วยนับ: คน
A78: 77 | B78: สูง | C78: 숫자 2 (ตัวเลขเกาหลีแท้ (นับของ)) · คำศัพท์ | E78: 잔 | G78: จัน | H78: หน่วยนับ: แก้ว
A79: 78 | B79: สูง | C79: 숫자 2 (ตัวเลขเกาหลีแท้ (นับของ)) · ประโยค | E79: 커피 두 잔 주세요 | G79: คอพี ดู จัน จูเซโย | H79: ขอกาแฟสองแก้วค่ะ
A80: 79 | B80: สูง | C80: 숫자 2 · หมายเหตุประจำบท (ข้อความภาษาไทย) | H80: ใช้นับของ คน แก้ว และบอกชั่วโมง/อายุ ตัวเลข 1–4 จะย่อเมื่อตามด้วยหน่วยนับ: 한 개 · 두 명 · 세 잔
A81: 80 | B81: สูง | C81: 시간 (เวลา & วัน) · คำศัพท์ | E81: 지금 | G81: จีกึม | H81: ตอนนี้
A82: 81 | B82: สูง | C82: 시간 (เวลา & วัน) · คำศัพท์ | E82: 시 | G82: ชี | H82: โมง / ชั่วโมง
A83: 82 | B83: สูง | C83: 시간 (เวลา & วัน) · คำศัพท์ | E83: 분 | G83: บุน | H83: นาที
A84: 83 | B84: สูง | C84: 시간 (เวลา & วัน) · คำศัพท์ | E84: 반 | G84: บัน | H84: ครึ่ง (เช่น ครึ่งชั่วโมง)
A85: 84 | B85: สูง | C85: 시간 (เวลา & วัน) · คำศัพท์ | E85: 오전 | G85: โอจอน | H85: ช่วงก่อนเที่ยง (AM)
A86: 85 | B86: สูง | C86: 시간 (เวลา & วัน) · คำศัพท์ | E86: 오후 | G86: โอฮู | H86: ช่วงหลังเที่ยง (PM)
A87: 86 | B87: สูง | C87: 시간 (เวลา & วัน) · คำศัพท์ | E87: 오늘 | G87: โอนึล | H87: วันนี้
A88: 87 | B88: สูง | C88: 시간 (เวลา & วัน) · คำศัพท์ | E88: 어제 | G88: ออเจ | H88: เมื่อวาน
A89: 88 | B89: สูง | C89: 시간 (เวลา & วัน) · ประโยค | E89: 몇 시예요? | F89: 멷 시예요? | G89: มยอด ชีเยโย | H89: กี่โมงแล้ว
A90: 89 | B90: สูง | C90: 시간 (เวลา & วัน) · ประโยค | E90: 세 시 반이에요 | F90: 세 시 바니에요 | G90: เซ ชี บานีเอโย | H90: สามโมงครึ่งค่ะ
A91: 90 | B91: สูง | C91: 시간 (เวลา & วัน) · ประโยค | E91: 오후 두 시예요 | G91: โอฮู ดู ชีเยโย | H91: บ่ายสองโมงค่ะ
A92: 91 | B92: สูง | C92: 시간 (เวลา & วัน) · ประโยค | E92: 지금 몇 시예요? | F92: 지금 멷 시예요? | G92: จีกึม มยอด ชีเยโย | H92: ตอนนี้กี่โมงแล้วคะ
A93: 92 | B93: สูง | C93: 시간 · หมายเหตุประจำบท (ข้อความภาษาไทย) | H93: ชั่วโมง (시) ใช้เลขเกาหลีแท้ · นาที (분) ใช้เลขจีน-เกาหลี เช่น 세 시 삼십 분 = 3:30
A94: 93 | B94: สูง | C94: 인사 (คำทักทายพื้นฐาน) · ประโยค | E94: 안녕하세요 | G94: อันนยองฮาเซโย | H94: สวัสดี
A95: 94 | B95: สูง | C95: 인사 (คำทักทายพื้นฐาน) · ประโยค | E95: 감사합니다 | F95: 감사함니다 | G95: กัมซาฮัมนีดา | H95: ขอบคุณ
A96: 95 | B96: สูง | C96: 인사 (คำทักทายพื้นฐาน) · ประโยค | E96: 죄송합니다 | F96: 죄송함니다 | G96: เจวซงฮัมนีดา | H96: ขอโทษ
A97: 96 | B97: สูง | C97: 인사 (คำทักทายพื้นฐาน) · คำศัพท์ | E97: 네 | G97: เน | H97: ใช่ / ค่ะ ครับ
A98: 97 | B98: สูง | C98: 인사 (คำทักทายพื้นฐาน) · คำศัพท์ | E98: 아니요 | G98: อานีโย | H98: ไม่ใช่
A99: 98 | B99: สูง | C99: 인사 (คำทักทายพื้นฐาน) · ประโยค | E99: 괜찮아요 | F99: 괜차나요 | G99: แกวนชานาโย | H99: ไม่เป็นไร
A100: 99 | B100: สูง | C100: 인사 (คำทักทายพื้นฐาน) · ประโยค | E100: 처음 뵙겠습니다 | F100: 처음 뵙껟씀니다 | G100: ชออึม เบวบเกซซึมนีดา | H100: ยินดีที่ได้รู้จัก (ครั้งแรก)
A101: 100 | B101: สูง | C101: 인사 (คำทักทายพื้นฐาน) · ประโยค | E101: 안녕히 가세요 | G101: อันนยองฮี กาเซโย | H101: ลาก่อน (บอกคนที่จะไป)
A102: 101 | B102: สูง | C102: 아침 (ตื่นนอนตอนเช้า) · คำศัพท์ | E102: 아침 | G102: อาชิม | H102: ตอนเช้า
...

Sheet เรื่องราว
A1: # | B1: ความสำคัญ | C1: ที่มา (หน้า/บท/ฉาก) | D1: ผู้พูด | E1: 한국어 (เกาหลี) | F1: เสียงอ่านจริง (สร้างอัตโนมัติ — กฎการออกเสียง) | G1: คำอ่านไทย (ที่แอปแสดง) | H1: คำแปลไทย (ที่แอปแสดง) | I1: หมายเหตุจากผู้พัฒนา | J1: ① 한국어 ถูกต้อง/เป็นธรรมชาติ? | K1: ① ข้อเสนอแก้ 한국어 | L1: ② คำอ่านไทยตรงกับเสียงจริง? | M1: ② ข้อเสนอคำอ่านไทย | N1: ③ คำแปลไทยถูกต้อง? | O1: ③ ข้อเสนอคำแปล | P1: ความเห็นอื่น ๆ
A2: 1 | B2: สูง | C2: เรื่อง · 오래된 가게 (ร้านเก่าแก่) · ฉาก 1 | D2: ผู้เล่าเรื่อง | E2: 서울의 작은 골목. 오래된 가게예요. | F2: 서우릐 자근 골목. 오래된 가게예요. | G2: ซออูเร จากึน โกลมก โอแรเดวน กาเกเยโย | H2: ซอยเล็กๆ กลางโซล มีร้านเก่าแก่ร้านหนึ่ง
A3: 2 | B3: สูง | C3: เรื่อง · 오래된 가게 (ร้านเก่าแก่) · ฉาก 1 · คำศัพท์ | E3: 가게 | H3: ร้านค้า
A4: 3 | B4: สูง | C4: เรื่อง · 오래된 가게 (ร้านเก่าแก่) · ฉาก 2 | D4: คุณยาย | E4: 어서 오세요. | G4: ออซอ โอเซโย | H4: ยินดีต้อนรับจ้ะ
A5: 4 | B5: สูง | C5: เรื่อง · 오래된 가게 (ร้านเก่าแก่) · ฉาก 2 · คำศัพท์ | E5: 어서 오세요 | H5: ยินดีต้อนรับ
A6: 5 | B6: สูง | C6: เรื่อง · 오래된 가게 (ร้านเก่าแก่) · ฉาก 3 | D6: ผู้เล่น | E6: 안녕하세요! 이거 얼마예요? | F6: 안녕하세요! 이거 얼마예요? | G6: อันนยองฮาเซโย อีกอ ออลมาเยโย | H6: สวัสดี! อันนี้ราคาเท่าไหร่ครับ/คะ
A7: 6 | B7: สูง | C7: เรื่อง · 오래된 가게 (ร้านเก่าแก่) · ฉาก 3 · คำศัพท์ | E7: 안녕하세요 | H7: สวัสดี
A8: 7 | B8: สูง | C8: เรื่อง · 오래된 가게 (ร้านเก่าแก่) · ฉาก 3 · คำศัพท์ | E8: 이거 | H8: อันนี้
A9: 8 | B9: สูง | C9: เรื่อง · 오래된 가게 (ร้านเก่าแก่) · ฉาก 3 · คำศัพท์ | E9: 얼마예요? | F9: 얼마예요? | H9: ราคาเท่าไหร่
A10: 9 | B10: สูง | C10: เรื่อง · 오래된 가게 (ร้านเก่าแก่) · ฉาก 4 | D10: คุณยาย | E10: 오천 원이에요. 한국어 공책이에요. | F10: 오천 워니에요. 한구거 공채기에요. | G10: โอชอน วอนอีเอโย ฮันกุกอ กงแชกีเอโย | H10: ห้าพันวอนจ้ะ เป็นสมุดสำหรับจดภาษาเกาหลี
A11: 10 | B11: สูง | C11: เรื่อง · 오래된 가게 (ร้านเก่าแก่) · ฉาก 4 · คำศัพท์ | E11: 오천 원 | H11: 5,000 วอน
A12: 11 | B12: สูง | C12: เรื่อง · 오래된 가게 (ร้านเก่าแก่) · ฉาก 4 · คำศัพท์ | E12: 공책 | H12: สมุด
A13: 12 | B13: สูง | C13: เรื่อง · 오래된 가게 (ร้านเก่าแก่) · ฉาก 5 | D13: ผู้เล่น | E13: 한국어를 배우고 싶어요. | F13: 한구거를 배우고 시퍼요. | G13: ฮันกุกอรึล แบอู โกชิพพอโย | H13: อยากเรียนภาษาเกาหลีค่ะ/ครับ
A14: 13 | B14: สูง | C14: เรื่อง · 오래된 가게 (ร้านเก่าแก่) · ฉาก 5 · คำศัพท์ | E14: 배우다 | H14: เรียน
A15: 14 | B15: สูง | C15: เรื่อง · 오래된 가게 (ร้านเก่าแก่) · ฉาก 5 · คำศัพท์ | E15: 싶어요 | F15: 시퍼요 | H15: อยาก
A16: 15 | B16: สูง | C16: เรื่อง · 오래된 가게 (ร้านเก่าแก่) · ฉาก 6 | D16: คุณยาย | E16: 어머, 한국어를 배워요? 대단해요! | F16: 어머, 한구거를 배워요? 대단해요! | G16: ออมอ ฮันกุกอรึล แบวอโย แดดันแฮโย | H16: โอ๊ะ เรียนภาษาเกาหลีเหรอ เก่งจังเลย!
A17: 16 | B17: สูง | C17: เรื่อง · 오래된 가게 (ร้านเก่าแก่) · ฉาก 6 · คำศัพท์ | E17: 대단해요 | H17: เก่งมาก/สุดยอด
A18: 17 | B18: สูง | C18: เรื่อง · 오래된 가게 (ร้านเก่าแก่) · ฉาก 7 | D18: ผู้เล่น | E18: 아직 잘 못해요. 그래도 매일 할 거예요. | F18: 아직 잘 모태요. 그래도 매일 할 거예요. | G18: อาจิก จัล โมแทโย กือเรโด แมอิล ฮัล กอเยโย | H18: ยังไม่เก่งหรอก แต่จะทำทุกวันค่ะ/ครับ
A19: 18 | B19: สูง | C19: เรื่อง · 오래된 가게 (ร้านเก่าแก่) · ฉาก 7 · คำศัพท์ | E19: 아직 | H19: ยัง
A20: 19 | B20: สูง | C20: เรื่อง · 오래된 가게 (ร้านเก่าแก่) · ฉาก 7 · คำศัพท์ | E20: 그래도 | H20: ถึงอย่างนั้น
A21: 20 | B21: สูง | C21: เรื่อง · 오래된 가게 (ร้านเก่าแก่) · ฉาก 7 · คำศัพท์ | E21: 매일 | H21: ทุกวัน
A22: 21 | B22: สูง | C22: เรื่อง · 오래된 가게 (ร้านเก่าแก่) · ฉาก 8 | D22: ผู้เล่าเรื่อง | E22: 할머니가 가게 안쪽에서 무언가를 가져왔어요. | F22: 할머니가 가게 안쪼게서 무언가를 가져와써요. | G22: ฮัลมอนีกา กาเก อันโจเกซอ มูออนกา กาจยอวัซซอโย | H22: คุณยายเดินเข้าไปด้านในร้าน แล้วหยิบอะไรบางอย่างออกมา
A23: 22 | B23: สูง | C23: เรื่อง · 오래된 가게 (ร้านเก่าแก่) · ฉาก 8 · คำศัพท์ | E23: 안쪽 | H23: ด้านใน
A24: 23 | B24: สูง | C24: เรื่อง · 오래된 가게 (ร้านเก่าแก่) · ฉาก 8 · คำศัพท์ | E24: 가져왔어요 | F24: 가져와써요 | H24: เอามา
A25: 24 | B25: สูง | C25: เรื่อง · 오래된 가게 (ร้านเก่าแก่) · ฉาก 9 | D25: คุณยาย | E25: 사실, 이 알은 오래 기다렸어요. | F25: 사실, 이 아른 오래 기다려써요. | G25: ซาชิล อี อัลรึน โอเร กีดารยอซซอโย | H25: ที่จริงไข่ใบนี้ รอมานานแล้วนะ
A26: 25 | B26: สูง | C26: เรื่อง · 오래된 가게 (ร้านเก่าแก่) · ฉาก 9 · คำศัพท์ | E26: 사실 | H26: ที่จริง
A27: 26 | B27: สูง | C27: เรื่อง · 오래된 가게 (ร้านเก่าแก่) · ฉาก 9 · คำศัพท์ | E27: 알 | H27: ไข่
A28: 27 | B28: สูง | C28: เรื่อง · 오래된 가게 (ร้านเก่าแก่) · ฉาก 9 · คำศัพท์ | E28: 오래 | H28: นาน
A29: 28 | B29: สูง | C29: เรื่อง · 오래된 가게 (ร้านเก่าแก่) · ฉาก 10 | D29: คุณยาย | E29: 한국어를 들려줄 사람을요. | F29: 한구거를 들려줄 사라므료. | G29: ฮันกุกอรึล ดึลลยอจุล ซารามึลโย | H29: รอคนที่จะเล่าภาษาเกาหลีให้มันฟังน่ะ
A30: 29 | B30: สูง | C30: เรื่อง · 오래된 가게 (ร้านเก่าแก่) · ฉาก 10 · คำศัพท์ | E30: 사람 | H30: คน
A31: 30 | B31: สูง | C31: เรื่อง · 오래된 가게 (ร้านเก่าแก่) · ฉาก 10 · คำศัพท์ | E31: 들려주다 | H31: เล่า/ให้ฟัง
A32: 31 | B32: สูง | C32: เรื่อง · 오래된 가게 (ร้านเก่าแก่) · ฉาก 11 | D32: คุณยาย | E32: 이 알을 잘 부탁해요. 공책은 선물이에요. | F32: 이 아를 잘 부타캐요. 공채근 선무리에요. | G32: อี อัลรึล จัล บูทาแคโย กงแชกึน ซอนมูรีเอโย | H32: ฝากไข่ใบนี้ด้วยนะ ส่วนสมุดเล่มนี้ ยายให้เป็นของขวัญ
A33: 32 | B33: สูง | C33: เรื่อง · 오래된 가게 (ร้านเก่าแก่) · ฉาก 11 · คำศัพท์ | E33: 부탁해요 | F33: 부타캐요 | H33: ฝาก/ขอร้อง
A34: 33 | B34: สูง | C34: เรื่อง · 오래된 가게 (ร้านเก่าแก่) · ฉาก 11 · คำศัพท์ | E34: 선물 | H34: ของขวัญ
A35: 34 | B35: สูง | C35: เรื่อง · 오래된 가게 (ร้านเก่าแก่) · ฉาก 12 | D35: ผู้เล่น | E35: 감사합니다! 잘 키울게요. | F35: 감사함니다! 잘 키울게요. | G35: กัมซาฮัมนีดา จัล คิอุลเกโย | H35: ขอบคุณค่ะ/ครับ! จะเลี้ยงให้ดีเลย
A36: 35 | B36: สูง | C36: เรื่อง · 오래된 가게 (ร้านเก่าแก่) · ฉาก 12 · คำศัพท์ | E36: 감사합니다 | F36: 감사함니다 | H36: ขอบคุณ
A37: 36 | B37: สูง | C37: เรื่อง · 오래된 가게 (ร้านเก่าแก่) · ฉาก 12 · คำศัพท์ | E37: 키우다 | H37: เลี้ยง
A38: 37 | B38: สูง | C38: เรื่อง · 오래된 가게 (ร้านเก่าแก่) · ฉาก 13 | D38: คุณยาย | E38: 매일 한국어를 들려주세요. 그럼 알이 깰 거예요. | F38: 매일 한구거를 들려주세요. 그럼 아리 깰 거예요. | G38: แมอิล ฮันกุกอรึล ดึลลยอจูเซโย กือรอม อัลรี เกล กอเยโย | H38: เล่าภาษาเกาหลีให้มันฟังทุกวันนะ แล้วไข่จะฟักเอง
A39: 38 | B39: สูง | C39: เรื่อง · 오래된 가게 (ร้านเก่าแก่) · ฉาก 13 · คำศัพท์ | E39: 들려주세요 | H39: โปรดเล่าให้ฟัง
A40: 39 | B40: สูง | C40: เรื่อง · 오래된 가게 (ร้านเก่าแก่) · ฉาก 14 | D40: ผู้เล่าเรื่อง | E40: 집에 돌아왔어요. | F40: 지베 도라와써요. | G40: จิเบ โดราวัซซอโย | H40: กลับถึงบ้านแล้ว
A41: 40 | B41: สูง | C41: เรื่อง · 오래된 가게 (ร้านเก่าแก่) · ฉาก 14 · คำศัพท์ | E41: 집 | H41: บ้าน
A42: 41 | B42: สูง | C42: เรื่อง · 오래된 가게 (ร้านเก่าแก่) · ฉาก 15 | D42: ผู้เล่าเรื่อง | E42: 알 안에서 어흥 소리가 나요. | F42: 알 아네서 어흥 소리가 나요. | G42: อัล อาเนซอ ออฮึง โซรีกา นาโย | H42: ได้ยินเสียง “어흥” ดังเบาๆ จากในไข่
A43: 42 | B43: สูง | C43: เรื่อง · 오래된 가게 (ร้านเก่าแก่) · ฉาก 15 · คำศัพท์ | E43: 소리 | H43: เสียง
A44: 43 | B44: สูง | C44: เรื่อง · 오래된 가게 (ร้านเก่าแก่) · ฉาก 16 | D44: ผู้เล่าเรื่อง | E44: 알이 따뜻해요. | F44: 아리 따뜨태요. | G44: อัลรี ตัตตึแทโย | H44: ไข่อุ่นจัง…
A45: 44 | B45: สูง | C45: เรื่อง · 오래된 가게 (ร้านเก่าแก่) · ฉาก 16 · คำศัพท์ | E45: 따뜻해요 | F45: 따뜨태요 | H45: อุ่น
A46: 45 | B46: สูง | C46: เรื่อง · 오래된 가게 (ร้านเก่าแก่) · ฉาก 17 | D46: ผู้เล่าเรื่อง | E46: 이제 시작이에요! | F46: 이제 시자기에요! | G46: อีเจ ชีจากีเอโย | H46: เรื่องราวเริ่มต้นแล้ว!
A47: 46 | B47: สูง | C47: เรื่อง · 오래된 가게 (ร้านเก่าแก่) · ฉาก 17 · คำศัพท์ | E47: 시작 | H47: เริ่มต้น
A48: 47 | B48: สูง | C48: เรื่อง · 알이 깼어요 (ไข่ฟักแล้ว) · ฉาก 1 | D48: ผู้เล่าเรื่อง | E48: 톡톡톡… 알에 금이 갔어요! | F48: 톡톡톡… 아레 그미 가써요! | G48: ท็อกท็อกท็อก อัลเร กึมี กัซซอโย | H48: ก๊อกๆๆ ไข่เริ่มมีรอยร้าวแล้ว!
A49: 48 | B49: สูง | C49: เรื่อง · 알이 깼어요 (ไข่ฟักแล้ว) · ฉาก 1 · คำศัพท์ | E49: 금 | H49: รอยร้าว
A50: 49 | B50: สูง | C50: เรื่อง · 알이 깼어요 (ไข่ฟักแล้ว) · ฉาก 2 | D50: ผู้เล่าเรื่อง | E50: 새 친구가 태어났어요! | F50: 새 친구가 태어나써요! | G50: แซ ชิงกูกา แทออนัซซอโย | H50: เพื่อนใหม่เกิดแล้ว!
A51: 50 | B51: สูง | C51: เรื่อง · 알이 깼어요 (ไข่ฟักแล้ว) · ฉาก 2 · คำศัพท์ | E51: 친구 | H51: เพื่อน
A52: 51 | B52: สูง | C52: เรื่อง · 알이 깼어요 (ไข่ฟักแล้ว) · ฉาก 2 · คำศัพท์ | E52: 태어나다 | H52: เกิด
A53: 52 | B53: สูง | C53: เรื่อง · 알이 깼어요 (ไข่ฟักแล้ว) · ฉาก 3 | D53: สัตว์เลี้ยง | E53: 어흥! | F53: 어흥! | G53: ออฮึง | H53: 범이 ส่งเสียงทักทายเบาๆ
A54: 53 | B54: สูง | C54: เรื่อง · 알이 깼어요 (ไข่ฟักแล้ว) · ฉาก 4 | D54: ผู้เล่น | E54: 안녕! 만나서 반가워. | F54: 안녕! 만나서 반가워. | G54: อันนยอง มันนาซอ บันกาวอ | H54: สวัสดี! ยินดีที่ได้เจอนะ | I54: ลงท้ายไม่เป็นแบบสุภาพ (ภาษาพูดกันเอง?) — โปรดยืนยันว่าเหมาะกับผู้พูดคนนี้
A55: 54 | B55: สูง | C55: เรื่อง · 알이 깼어요 (ไข่ฟักแล้ว) · ฉาก 4 · คำศัพท์ | E55: 안녕 | H55: สวัสดี
A56: 55 | B56: สูง | C56: เรื่อง · 알이 깼어요 (ไข่ฟักแล้ว) · ฉาก 4 · คำศัพท์ | E56: 반가워 | H56: ยินดีที่ได้เจอ
A57: 56 | B57: สูง | C57: เรื่อง · 알이 깼어요 (ไข่ฟักแล้ว) · ฉาก 5 | D57: ผู้เล่าเรื่อง | E57: 둘은 친구가 되었어요. | F57: 두른 친구가 되어써요. | G57: ดูรึน ชิงกูกา เดออซซอโย | H57: ตั้งแต่วันนั้น ทั้งสองก็เป็นเพื่อนกัน
A58: 57 | B58: สูง | C58: เรื่อง · 알이 깼어요 (ไข่ฟักแล้ว) · ฉาก 5 · คำศัพท์ | E58: 되었어요 | F58: 되어써요 | H58: กลายเป็น
A59: 58 | B59: สูง | C59: เรื่อง · 옛날이야기 (นิทานของเพื่อนตัวน้อย) · ฉาก 1 | D59: ผู้เล่าเรื่อง | E59: 옛날 옛적에 호랑이가 있었어요. | F59: 옌날 옏쩌게 호랑이가 이써써요. | G59: เยนนัล เยตจอเก โฮรังอีกา อิซซอซซอโย | H59: กาลครั้งหนึ่งนานมาแล้ว มีเสือตัวหนึ่ง
A60: 59 | B60: สูง | C60: เรื่อง · 옛날이야기 (นิทานของเพื่อนตัวน้อย) · ฉาก 1 · คำศัพท์ | E60: 옛날 옛적에 | F60: 옌날 옏쩌게 | H60: กาลครั้งหนึ่งนานมาแล้ว
A61: 60 | B61: สูง | C61: เรื่อง · 옛날이야기 (นิทานของเพื่อนตัวน้อย) · ฉาก 1 · คำศัพท์ | E61: 호랑이 | H61: เสือ
A62: 61 | B62: สูง | C62: เรื่อง · 옛날이야기 (นิทานของเพื่อนตัวน้อย) · ฉาก 2 | D62: ผู้เล่าเรื่อง | E62: 호랑이는 곶감이 무서웠어요! | F62: 호랑이는 곧까미 무서워써요! | G62: โฮรังอีนึน กดกามี มุซอวอซซอโย | H62: แต่เสือกลัวลูกพลับแห้งมากเลย!
A63: 62 | B63: สูง | C63: เรื่อง · 옛날이야기 (นิทานของเพื่อนตัวน้อย) · ฉาก 2 · คำศัพท์ | E63: 곶감 | F63: 곧깜 | H63: ลูกพลับแห้ง
A64: 63 | B64: สูง | C64: เรื่อง · 옛날이야기 (นิทานของเพื่อนตัวน้อย) · ฉาก 2 · คำศัพท์ | E64: 무섭다 | F64: 무섭따 | H64: น่ากลัว
A65: 64 | B65: สูง | C65: เรื่อง · 옛날이야기 (นิทานของเพื่อนตัวน้อย) · ฉาก 3 | D65: สัตว์เลี้ยง | E65: 어흥?! | F65: 어흥?! | G65: ออฮึง | H65: 범이 ตาโต มองเรามาอย่างตั้งใจ แล้วซุกเข้ามาใกล้ๆ
A66: 65 | B66: สูง | C66: เรื่อง · 옛날이야기 (นิทานของเพื่อนตัวน้อย) · ฉาก 4 | D66: ผู้เล่น | E66: 괜찮아. 여기엔 곶감 없어. | F66: 괜차나. 여기엔 곧깜 업서. | G66: แกวนชานา ยอกีเอน กดกัม ออบซอ | H66: ไม่เป็นไรนะ ที่นี่ไม่มีลูกพลับแห้งหรอก | I66: ลงท้ายไม่เป็นแบบสุภาพ (ภาษาพูดกันเอง?) — โปรดยืนยันว่าเหมาะกับผู้พูดคนนี้
A67: 66 | B67: สูง | C67: เรื่อง · 옛날이야기 (นิทานของเพื่อนตัวน้อย) · ฉาก 4 · คำศัพท์ | E67: 괜찮아 | F67: 괜차나 | H67: ไม่เป็นไร
A68: 67 | B68: สูง | C68: เรื่อง · 옛날이야기 (นิทานของเพื่อนตัวน้อย) · ฉาก 4 · คำศัพท์ | E68: 없어 | F68: 업서 | H68: ไม่มี
A69: 68 | B69: สูง | C69: เรื่อง · 옛날이야기 (นิทานของเพื่อนตัวน้อย) · ฉาก 5 | D69: ผู้เล่าเรื่อง | E69: 이제 말이 조금 통해요. “앉아!”라고 해 볼까요? | F69: 이제 마리 조금 통해요. “안자!”라고 해 볼까요? | G69: อีเจ มารี โจกึม ทงแฮโย อันจา ราโก แฮ บลกาโย | H69: ตอนนี้พอสื่อสารกันได้นิดหน่อยแล้ว ลองสั่ง “앉아!” (นั่ง) ที่หน้า Home ดูสิ
A70: 69 | B70: สูง | C70: เรื่อง · 옛날이야기 (นิทานของเพื่อนตัวน้อย) · ฉาก 5 · คำศัพท์ | E70: 앉아 | F70: 안자 | H70: นั่ง
A71: 70 | B71: สูง | C71: เรื่อง · 옛날이야기 (นิทานของเพื่อนตัวน้อย) · ฉาก 5 · คำศัพท์ | E71: 말 | H71: คำพูด/ภาษา
A72: 71 | B72: สูง | C72: เรื่อง · 심부름 (งานที่คุณยายฝากไว้) · ฉาก 1 | D72: ผู้เล่าเรื่อง | E72: 며칠 뒤, 다시 가게에 갔어요. | F72: 며칠 뒤, 다시 가게에 가써요. | G72: มยอชิล ดวี ดาชี กาเกเอ กัซซอโย | H72: อีกไม่กี่วันต่อมา ก็แวะไปที่ร้านอีกครั้ง
A73: 72 | B73: สูง | C73: เรื่อง · 심부름 (งานที่คุณยายฝากไว้) · ฉาก 1 · คำศัพท์ | E73: 며칠 뒤 | H73: อีกไม่กี่วัน
A74: 73 | B74: สูง | C74: เรื่อง · 심부름 (งานที่คุณยายฝากไว้) · ฉาก 1 · คำศัพท์ | E74: 다시 | H74: อีกครั้ง
A75: 74 | B75: สูง | C75: เรื่อง · 심부름 (งานที่คุณยายฝากไว้) · ฉาก 2 | D75: คุณยาย | E75: 마침 잘 왔어요! | F75: 마침 잘 와써요! | G75: มาชิม จัล วัซซอโย | H75: มาถูกเวลาพอดีเลย!
A76: 75 | B76: สูง | C76: เรื่อง · 심부름 (งานที่คุณยายฝากไว้) · ฉาก 2 · คำศัพท์ | E76: 마침 | H76: พอดี
A77: 76 | B77: สูง | C77: เรื่อง · 심부름 (งานที่คุณยายฝากไว้) · ฉาก 3 | D77: คุณยาย | E77: 시장에 심부름 가 줄래요? | F77: 시장에 심부름 가 줄래요? | G77: ชีจังเอ ชิมบูรึม กา จุลเรโย | H77: ช่วยไปทำธุระที่ตลาดให้ยายหน่อยได้ไหมจ๊ะ
A78: 77 | B78: สูง | C78: เรื่อง · 심부름 (งานที่คุณยายฝากไว้) · ฉาก 3 · คำศัพท์ | E78: 시장 | H78: ตลาด
A79: 78 | B79: สูง | C79: เรื่อง · 심부름 (งานที่คุณยายฝากไว้) · ฉาก 3 · คำศัพท์ | E79: 심부름 | H79: งานที่ถูกฝากให้ไปทำ
A80: 79 | B80: สูง | C80: เรื่อง · 심부름 (งานที่คุณยายฝากไว้) · ฉาก 3 · คำศัพท์ | E80: 줄래요? | F80: 줄래요? | H80: ช่วย…ให้ไหม
A81: 80 | B81: สูง | C81: เรื่อง · 심부름 (งานที่คุณยายฝากไว้) · ฉาก 3 · ตัวเลือกผู้เล่น | D81: ผู้เล่น | E81: 네, 갈게요! | F81: 네, 갈게요! | G81: เน กัลเกโย | H81: ได้ครับ/ค่ะ ไปเลย!
A82: 81 | B82: สูง | C82: เรื่อง · 심부름 (งานที่คุณยายฝากไว้) · ฉาก 3 · คำตอบตัวละคร | D82: คุณยาย | E82: 고마워요! | F82: 고마워요! | G82: โกมาวอโย | H82: ขอบใจจ้ะ!
A83: 82 | B83: สูง | C83: เรื่อง · 심부름 (งานที่คุณยายฝากไว้) · ฉาก 3 · ตัวเลือกผู้เล่น | D83: ผู้เล่น | E83: 싫어요… | F83: 시러요… | G83: ชิโรโย | H83: ไม่เอาอ่ะ… | I83: ตัวเลือกที่ "ผิด" ในโจทย์
A84: 83 | B84: สูง | C84: เรื่อง · 심부름 (งานที่คุณยายฝากไว้) · ฉาก 3 · คำตอบตัวละคร | D84: คุณยาย | E84: 그래요? 시장에 맛있는 떡볶이가 있는데… | F84: 그래요? 시장에 마신는 떡뽀끼가 인는데… | G84: กือแรโย ชีจังเอ มาชินนึน ต็อกโปกีกา อินนึนเด | H84: งั้นเหรอ ที่ตลาดมีต็อกบกกีอร่อยๆ นะ…
A85: 84 | B85: สูง | C85: เรื่อง · 심부름 (งานที่คุณยายฝากไว้) · ฉาก 4 | D85: คุณยาย | E85: 사과 두 개, 우유 한 병이에요. | G85: ซากวา ดู แก อูยู ฮัน บยองอีเอโย | H85: แอปเปิลสองลูก นมหนึ่งขวดจ้ะ
A86: 85 | B86: สูง | C86: เรื่อง · 심부름 (งานที่คุณยายฝากไว้) · ฉาก 4 · คำศัพท์ | E86: 사과 | H86: แอปเปิล
A87: 86 | B87: สูง | C87: เรื่อง · 심부름 (งานที่คุณยายฝากไว้) · ฉาก 4 · คำศัพท์ | E87: 두 개 | H87: สองชิ้น
A88: 87 | B88: สูง | C88: เรื่อง · 심부름 (งานที่คุณยายฝากไว้) · ฉาก 4 · คำศัพท์ | E88: 한 병 | H88: หนึ่งขวด
A89: 88 | B89: สูง | C89: เรื่อง · 심부름 (งานที่คุณยายฝากไว้) · ฉาก 5 | D89: คุณยาย | E89: 시장은 멀지 않아요. 조심히 다녀와요. | F89: 시장은 멀지 아나요. 조심히 다녀와요. | G89: ชีจังอึน มอลจี อานาโย โจชิมฮี ดานยอวาโย | H89: ตลาดไม่ไกลหรอกจ้ะ ไปดีมาดีนะ
A90: 89 | B90: สูง | C90: เรื่อง · 심부름 (งานที่คุณยายฝากไว้) · ฉาก 5 · คำศัพท์ | E90: 멀지 않아요 | F90: 멀지 아나요 | H90: ไม่ไกล
A91: 90 | B91: สูง | C91: เรื่อง · 심부름 (งานที่คุณยายฝากไว้) · ฉาก 5 · คำศัพท์ | E91: 조심히 | H91: ระมัดระวัง
A92: 91 | B92: สูง | C92: เรื่อง · 심부름 (งานที่คุณยายฝากไว้) · ฉาก 6 | D92: คุณยาย | E92: 기억나요? 사과가 몇 개예요? | F92: 기엉나요? 사과가 멷 개예요? | G92: กีองนาโย ซากวากา มยอด แกเยโย | H92: จำได้ไหม แอปเปิลกี่ลูกนะ?
A93: 92 | B93: สูง | C93: เรื่อง · 심부름 (งานที่คุณยายฝากไว้) · ฉาก 6 · คำศัพท์ | E93: 기억나요 | F93: 기엉나요 | H93: จำได้
A94: 93 | B94: สูง | C94: เรื่อง · 심부름 (งานที่คุณยายฝากไว้) · ฉาก 6 · คำศัพท์ | E94: 몇 개 | F94: 멷 개 | H94: กี่ชิ้น
A95: 94 | B95: สูง | C95: เรื่อง · 심부름 (งานที่คุณยายฝากไว้) · ฉาก 6 · ตัวเลือกผู้เล่น | D95: ผู้เล่น | E95: 두 개예요. | G95: ดู แกเยโย | H95: สองลูกครับ/ค่ะ
A96: 95 | B96: สูง | C96: เรื่อง · 심부름 (งานที่คุณยายฝากไว้) · ฉาก 6 · คำตอบตัวละคร | D96: คุณยาย | E96: 맞아요! 똑똑하네요. | F96: 마자요! 똑또카네요. | G96: มัจจาโย ต็อกต็อกคาเนโย | H96: ถูกต้อง! ฉลาดจัง
A97: 96 | B97: สูง | C97: เรื่อง · 심부름 (งานที่คุณยายฝากไว้) · ฉาก 6 · คำศัพท์ | E97: 맞아요 | F97: 마자요 | H97: ถูกต้อง
A98: 97 | B98: สูง | C98: เรื่อง · 심부름 (งานที่คุณยายฝากไว้) · ฉาก 6 · คำศัพท์ | E98: 똑똑하다 | F98: 똑또카다 | H98: ฉลาด
A99: 98 | B99: สูง | C99: เรื่อง · 심부름 (งานที่คุณยายฝากไว้) · ฉาก 6 · ตัวเลือกผู้เล่น | D99: ผู้เล่น | E99: 다섯 개예요. | F99: 다섣 개예요. | G99: ดาซอด แกเยโย | H99: ห้าลูก | I99: ตัวเลือกที่ "ผิด" ในโจทย์
A100: 99 | B100: สูง | C100: เรื่อง · 심부름 (งานที่คุณยายฝากไว้) · ฉาก 6 · คำตอบตัวละคร | D100: คุณยาย | E100: 다시 들어 봐요. 사과 두 개! | F100: 다시 드러 봐요. 사과 두 개! | G100: ดาชี ดือรอ บวาโย ซากวา ดู แก | H100: ลองฟังอีกทีนะ แอปเปิลสองลูก! | I100: ลงท้ายไม่เป็นแบบสุภาพ (ภาษาพูดกันเอง?) — โปรดยืนยันว่าเหมาะกับผู้พูดคนนี้
...

Sheet กิจวัตร
A1: # | B1: ความสำคัญ | C1: ที่มา (หน้า/บท/ฉาก) | D1: ผู้พูด | E1: 한국어 (เกาหลี) | F1: เสียงอ่านจริง (สร้างอัตโนมัติ — กฎการออกเสียง) | G1: คำอ่านไทย (ที่แอปแสดง) | H1: คำแปลไทย (ที่แอปแสดง) | I1: หมายเหตุจากผู้พัฒนา | J1: ① 한국어 ถูกต้อง/เป็นธรรมชาติ? | K1: ① ข้อเสนอแก้ 한국어 | L1: ② คำอ่านไทยตรงกับเสียงจริง? | M1: ② ข้อเสนอคำอ่านไทย | N1: ③ คำแปลไทยถูกต้อง? | O1: ③ ข้อเสนอคำแปล | P1: ความเห็นอื่น ๆ
A2: 1 | B2: กลาง | C2: กิจวัตรประจำวัน | E2: 일어났어요 | F2: 이러나써요 | G2: อีรอนัซซอโย | H2: ตื่นนอนแล้ว
A3: 2 | B3: กลาง | C3: กิจวัตรประจำวัน | E3: 세수했어요 | F3: 세수해써요 | G3: เซซูแฮซซอโย | H3: ล้างหน้าแล้ว
A4: 3 | B4: กลาง | C4: กิจวัตรประจำวัน | E4: 이를 닦았어요 | F4: 이를 다까써요 | G4: อีรึล ดักกัซซอโย | H4: แปรงฟันแล้ว
A5: 4 | B5: กลาง | C5: กิจวัตรประจำวัน | E5: 아침을 먹었어요 | F5: 아치믈 머거써요 | G5: อาชีมึล มอกอซซอโย | H5: กินข้าวเช้าแล้ว
A6: 5 | B6: กลาง | C6: กิจวัตรประจำวัน | E6: 물을 마셨어요 | F6: 무를 마셔써요 | G6: มูรึล มาชยอซซอโย | H6: ดื่มน้ำแล้ว
A7: 6 | B7: กลาง | C7: กิจวัตรประจำวัน | E7: 한국어를 공부했어요 | F7: 한구거를 공부해써요 | G7: ฮันกุกอรึล กงบูแฮซซอโย | H7: เรียนภาษาเกาหลีแล้ว
A8: 7 | B8: กลาง | C8: กิจวัตรประจำวัน | E8: 점심을 먹었어요 | F8: 점시믈 머거써요 | G8: จอมชีมึล มอกอซซอโย | H8: กินข้าวเที่ยงแล้ว
A9: 8 | B9: กลาง | C9: กิจวัตรประจำวัน | E9: 산책했어요 | F9: 산채캐써요 | G9: ซันแชแคซซอโย | H9: ไปเดินเล่นแล้ว
A10: 9 | B10: กลาง | C10: กิจวัตรประจำวัน | E10: 운동했어요 | F10: 운동해써요 | G10: อุนดงแฮซซอโย | H10: ออกกำลังกายแล้ว
A11: 10 | B11: กลาง | C11: กิจวัตรประจำวัน | E11: 저녁을 먹었어요 | F11: 저녀글 머거써요 | G11: จอนยอกึล มอกอซซอโย | H11: กินข้าวเย็นแล้ว
A12: 11 | B12: กลาง | C12: กิจวัตรประจำวัน | E12: 샤워했어요 | F12: 샤워해써요 | G12: ชยาวอแฮซซอโย | H12: อาบน้ำแล้ว
A13: 12 | B13: กลาง | C13: กิจวัตรประจำวัน | E13: 이제 잘 거예요 | G13: อีเจ จัล กอเยโย | H13: กำลังจะนอนแล้ว

Sheet สัตว์เลี้ยง
A1: # | B1: ความสำคัญ | C1: ที่มา (หน้า/บท/ฉาก) | D1: ผู้พูด | E1: 한국어 (เกาหลี) | F1: เสียงอ่านจริง (สร้างอัตโนมัติ — กฎการออกเสียง) | G1: คำอ่านไทย (ที่แอปแสดง) | H1: คำแปลไทย (ที่แอปแสดง) | I1: หมายเหตุจากผู้พัฒนา | J1: ① 한국어 ถูกต้อง/เป็นธรรมชาติ? | K1: ① ข้อเสนอแก้ 한국어 | L1: ② คำอ่านไทยตรงกับเสียงจริง? | M1: ② ข้อเสนอคำอ่านไทย | N1: ③ คำแปลไทยถูกต้อง? | O1: ③ ข้อเสนอคำแปล | P1: ความเห็นอื่น ๆ
A2: 1 | B2: กลาง | C2: คำสั่งสอนสัตว์เลี้ยง | E2: 앉아 | F2: 안자 | G2: อันจา | H2: นั่ง
A3: 2 | B3: กลาง | C3: คำสั่งสอนสัตว์เลี้ยง | E3: 점프 | G3: จอมพือ | H3: กระโดด
A4: 3 | B4: กลาง | C4: คำสั่งสอนสัตว์เลี้ยง | E4: 손 | G4: ซน | H4: ยื่นมือ (จับมือ)
A5: 4 | B5: กลาง | C5: คำสั่งสอนสัตว์เลี้ยง | E5: 엎드려 | F5: 업뜨려 | G5: ออบตือรยอ | H5: หมอบ
A6: 5 | B6: กลาง | C6: คำสั่งสอนสัตว์เลี้ยง | E6: 돌아 | F6: 도라 | G6: โดรา | H6: หมุนตัว
A7: 6 | B7: กลาง | C7: คำสั่งสอนสัตว์เลี้ยง | E7: 굴러 | G7: กุลลอ | H7: กลิ้ง
A8: 7 | B8: กลาง | C8: คำสั่งสอนสัตว์เลี้ยง | E8: 춤춰 | G8: ชุมชวอ | H8: เต้น
A9: 8 | B9: กลาง | C9: คำสั่งสอนสัตว์เลี้ยง | E9: 자 | G9: จา | H9: นอน
A10: 9 | B10: กลาง | C10: คำพูดกับไข่ | E10: 안녕하세요 | G10: อันนยองฮาเซโย | H10: สวัสดี
A11: 10 | B11: กลาง | C11: คำพูดกับไข่ | E11: 좋은 아침이에요 | F11: 조은 아치미에요 | G11: โจอึน อาชีมีเอโย | H11: อรุณสวัสดิ์
A12: 11 | B12: กลาง | C12: คำพูดกับไข่ | E12: 괜찮아요 | F12: 괜차나요 | G12: แควนชานาโย | H12: ไม่เป็นไรนะ
A13: 12 | B13: กลาง | C13: คำพูดกับไข่ | E13: 사랑해 | G13: ซารังแฮ | H13: รักนะ
A14: 13 | B14: กลาง | C14: คำพูดกับไข่ | E14: 잘 자요 | G14: ชัล จาโย | H14: หลับฝันดี
A15: 14 | B15: กลาง | C15: อารมณ์สัตว์เลี้ยง (sleep) | E15: 쿨쿨… 자고 있어요 | F15: 쿨쿨… 자고 이써요 | H15: กำลังหลับปุ๋ย
A16: 15 | B16: กลาง | C16: อารมณ์สัตว์เลี้ยง (hungry) | E16: 배고파요! | F16: 배고파요! | H16: หิวแล้ว ให้อาหารหน่อย
A17: 16 | B17: กลาง | C17: อารมณ์สัตว์เลี้ยง (tired) | E17: 졸려요… | H17: ง่วงแล้ว พาเข้านอนหน่อย
A18: 17 | B18: กลาง | C18: อารมณ์สัตว์เลี้ยง (dirty) | E18: 씻고 싶어요… | F18: 씯꼬 시퍼요… | H18: ตัวเหม็นแล้ว อาบน้ำให้หน่อย
A19: 18 | B19: กลาง | C19: อารมณ์สัตว์เลี้ยง (sad) | E19: 심심해요… | H19: เหงาจัง มาเรียน/เล่นด้วยกันนะ
A20: 19 | B20: กลาง | C20: อารมณ์สัตว์เลี้ยง (happy) | E20: 행복해요! | F20: 행보캐요! | H20: มีความสุขมาก!
A21: 20 | B21: กลาง | C21: อารมณ์สัตว์เลี้ยง (normal) | E21: 안녕! | F21: 안녕! | H21: สบายดี
A22: 21 | B22: กลาง | C22: ชื่อสายพันธุ์ | E22: 호랑이 | G22: โฮรังอี | H22: เสือ
A23: 22 | B23: กลาง | C23: เสียงร้อง | E23: 어흥 | G23: ออฮึง | H23: เสียงคำราม
A24: 23 | B24: กลาง | C24: ชื่อสายพันธุ์ | E24: 병아리 | G24: บยองอารี | H24: ลูกไก่
A25: 24 | B25: กลาง | C25: เสียงร้อง | E25: 삐약 | G25: ปียัก | H25: เสียงลูกไก่ร้อง
A26: 25 | B26: กลาง | C26: ชื่อสายพันธุ์ | E26: 고양이 | G26: โกยังอี | H26: แมว
A27: 26 | B27: กลาง | C27: เสียงร้อง | E27: 야옹 | G27: ยาอง | H27: เสียงแมวร้อง
A28: 27 | B28: กลาง | C28: ชื่อสายพันธุ์ | E28: 강아지 | G28: กังอาจี | H28: ลูกสุนัข
A29: 28 | B29: กลาง | C29: เสียงร้อง | E29: 멍멍 | G29: มองมอง | H29: เสียงสุนัขเห่า
A30: 29 | B30: กลาง | C30: ชื่อสายพันธุ์ | E30: 토끼 | G30: โทกี | H30: กระต่าย
A31: 30 | B31: กลาง | C31: เสียงร้อง | E31: 깡충 | G31: กังชุง | H31: เสียงกระโดดของกระต่าย
A32: 31 | B32: กลาง | C32: ชื่อสายพันธุ์ | E32: 여우 | G32: ยอู | H32: จิ้งจอก
A33: 32 | B33: กลาง | C33: เสียงร้อง | E33: 컹컹 | G33: คองคง | H33: เสียงจิ้งจอกร้อง
... A35: 34 | B35: กลาง | C35: เสียงร้อง | E35: 냠냠 | G35: นยัมนยัม | H35: เสียงกินอาหาร

Sheet ภารกิจ-ความสำเร็จ
A1: # | B1: ความสำคัญ | C1: ที่มา (หน้า/บท/ฉาก) | D1: ผู้พูด | E1: 한국어 (เกาหลี) | F1: เสียงอ่านจริง (สร้างอัตโนมัติ — กฎการออกเสียง) | G1: คำอ่านไทย (ที่แอปแสดง) | H1: คำแปลไทย (ที่แอปแสดง) | I1: หมายเหตุจากผู้พัฒนา | J1: ① 한국어 ถูกต้อง/เป็นธรรมชาติ? | K1: ① ข้อเสนอแก้ 한국어 | L1: ② คำอ่านไทยตรงกับเสียงจริง? | M1: ② ข้อเสนอคำอ่านไทย | N1: ③ คำแปลไทยถูกต้อง? | O1: ③ ข้อเสนอคำแปล | P1: ความเห็นอื่น ๆ
A2: 1 | B2: กลาง | C2: ภารกิจรายวัน | E2: 수업 1개 끝내기 | F2: 수업 1개 끈내기 | H2: เรียนจบ 1 บทวันนี้
A3: 2 | B3: กลาง | C3: ภารกิจรายวัน | E3: 복습 5개 맞히기 | F3: 복씁 5개 마티기 | H3: ทบทวนตอบถูก 5 คำ
A4: 3 | B4: กลาง | C4: ภารกิจรายวัน | E4: 글자 3개 만들기 | H4: ประกอบพยางค์ให้ถูก 3 คำ
A5: 4 | B5: กลาง | C5: ภารกิจรายวัน | E5: 루틴 3개 하기 | H5: ติ๊กกิจวัตรจริง 3 ข้อ
A6: 5 | B6: กลาง | C6: ภารกิจรายวัน | E6: 만점 받기 | F6: 만점 받끼 | H6: ทำแบบทดสอบบทเรียนได้คะแนนเต็ม 1 ครั้ง
A7: 6 | B7: กลาง | C7: ภารกิจรายวัน | E7: 말하기 3번 | H7: พูดตามให้ผ่าน 3 ประโยค
A8: 7 | B8: กลาง | C8: ภารกิจรายวัน | E8: 펫 돌보기 3번 | F8: 펟 돌보기 3번 | H8: ดูแลสัตว์เลี้ยง 3 ครั้ง (ให้อาหาร/เล่น/อาบน้ำ)
A9: 8 | B9: กลาง | C9: ความสำเร็จ | E9: 첫 수업 | F9: 첟 수업 | H9: เรียนจบบทแรก
A10: 9 | B10: กลาง | C10: ความสำเร็จ | E10: 한글 졸업 | F10: 한글 조럽 | H10: จบบทฮันกึลครบทั้ง 3 บท
A11: 10 | B11: กลาง | C11: ความสำเร็จ | E11: 만점! | F11: 만점! | H11: ได้คะแนนเต็มในบทเรียน
A12: 11 | B12: กลาง | C12: ความสำเร็จ | E12: 단어 30개 | F12: 다너 30개 | H12: เก็บคำศัพท์ได้ 30 คำ
A13: 12 | B13: กลาง | C13: ความสำเร็จ | E13: 단어 100개 | F13: 다너 100개 | H13: เก็บคำศัพท์ได้ 100 คำ
A14: 13 | B14: กลาง | C14: ความสำเร็จ | E14: 첫 발음 | F14: 첟 바름 | H14: พูดตามผ่านครั้งแรก
A15: 14 | B15: กลาง | C15: ความสำเร็จ | E15: 말하기 달인 | F15: 말하기 다린 | H15: พูดตามผ่านครบ 50 ประโยค
A16: 15 | B16: กลาง | C16: ความสำเร็จ | E16: 동물 친구들 | H16: มีสัตว์เลี้ยงครบ 3 สายพันธุ์
A17: 16 | B17: กลาง | C17: ความสำเร็จ | E17: 동물원 | F17: 동무뤈 | H17: สะสมสัตว์เลี้ยงครบทุกสายพันธุ์
A18: 17 | B18: กลาง | C18: ความสำเร็จ | E18: 단짝 | H18: ความผูกพันกับสัตว์เลี้ยงถึงระดับ 3
A19: 18 | B19: กลาง | C19: ความสำเร็จ | E19: 훈련사 | F19: 훌련사 | H19: สอนคำสั่งครบทุกท่าในวันเดียว
A20: 19 | B20: กลาง | C20: ความสำเร็จ | E20: 3일 연속 | H20: เล่นต่อเนื่อง 3 วัน
A21: 20 | B21: กลาง | C21: ความสำเร็จ | E21: 7일 연속 | H21: เล่นต่อเนื่อง 7 วัน
A22: 21 | B22: กลาง | C22: ความสำเร็จ | E22: 30일 연속 | H22: เล่นต่อเนื่อง 30 วัน
A23: 22 | B23: กลาง | C23: ความสำเร็จ | E23: 알이 깼어요 | F23: 아리 깨써요 | H23: ฟักไข่สัตว์เลี้ยงสำเร็จ
A24: 23 | B24: กลาง | C24: ความสำเร็จ | E24: 멋진 친구 | F24: 먿찐 친구 | H24: เลี้ยงสัตว์เลี้ยงจนโตเต็มวัย
A25: 24 | B25: กลาง | C25: ความสำเร็จ | E25: Lv.5 | H25: ถึงเลเวล 5
A26: 25 | B26: กลาง | C26: ความสำเร็จ | E26: Lv.10 | H26: ถึงเลเวล 10
A27: 26 | B27: กลาง | C27: ความสำเร็จ | E27: 쇼핑왕 | H27: มีไอเทมครบ 15 ชิ้น
A28: 27 | B28: กลาง | C28: ความสำเร็จ | E28: 수집가 | F28: 수집까 | H28: สะสมไอเทมครบ 30 ชิ้น
A29: 28 | B29: กลาง | C29: ความสำเร็จ | E29: 대수집가 | F29: 대수집까 | H29: สะสมไอเทมครบ 60 ชิ้น
A30: 29 | B30: กลาง | C30: ความสำเร็จ | E30: 전설 획득 | F30: 전설 획뜩 | H30: ได้ไอเทมระดับตำนานชิ้นแรก
A31: 30 | B31: กลาง | C31: ความสำเร็จ | E31: 루틴 완료 | F31: 루틴 왈료 | H31: ติ๊กกิจวัตรครบทุกข้อในวันเดียว
A32: 31 | B32: กลาง | C32: ความสำเร็จ | E32: 퀘스트 완료 | F32: 퀘스트 왈료 | H32: รับภารกิจประจำวันครบทุกข้อ
A33: 32 | B33: กลาง | C33: ความสำเร็จ | E33: 글자 장인 | H33: ประกอบพยางค์ผ่านครบโควตาวันหนึ่ง
A34: 33 | B34: กลาง | C34: ความสำเร็จ | E34: 학교 세트 | F34: 학꾜 세트 | H34: สะสมครบชุด ชุดนักเรียน (6 ชิ้น)
A35: 34 | B35: กลาง | C35: ความสำเร็จ | E35: 한복 세트 | H35: สะสมครบชุด ชุดฮันบก (6 ชิ้น)
A36: 35 | B36: กลาง | C36: ความสำเร็จ | E36: 겨울 세트 | H36: สะสมครบชุด หน้าหนาว (8 ชิ้น)
A37: 36 | B37: กลาง | C37: ความสำเร็จ | E37: 아이돌 세트 | H37: สะสมครบชุด ไอดอล (8 ชิ้น)
A38: 37 | B38: กลาง | C38: ความสำเร็จ | E38: 카페 세트 | H38: สะสมครบชุด คาเฟ่ (8 ชิ้น)
A39: 38 | B39: กลาง | C39: ความสำเร็จ | E39: 스포츠 세트 | H39: สะสมครบชุด สายกีฬา (6 ชิ้น)
A40: 39 | B40: กลาง | C40: ความสำเร็จ | E40: 스트릿 세트 | F40: 스트릳 세트 | H40: สะสมครบชุด สตรีท (7 ชิ้น)
A41: 40 | B41: กลาง | C41: ความสำเร็จ | E41: 판타지 세트 | H41: สะสมครบชุด แฟนตาซี (7 ชิ้น)
A42: 41 | B42: กลาง | C42: ความสำเร็จ | E42: 왕실 세트 | H42: สะสมครบชุด ราชสำนัก (6 ชิ้น)
A43: 42 | B43: กลาง | C43: ความสำเร็จ | E43: 정원 세트 | H43: สะสมครบชุด สวนดอกไม้ (8 ชิ้น)
A44: 43 | B44: กลาง | C44: ความสำเร็จ | E44: 러블리 세트 | H44: สะสมครบชุด น่ารักฟรุ้งฟริ้ง (12 ชิ้น)
A45: 44 | B45: กลาง | C45: ความสำเร็จ | E45: 펫 겨울 세트 | F45: 펟 겨울 세트 | H45: สะสมครบชุด สัตว์เลี้ยง หน้าหนาว (3 ชิ้น)
A46: 45 | B46: กลาง | C46: ความสำเร็จ | E46: 한국 방 세트 | H46: สะสมครบชุด ห้องสไตล์เกาหลี (4 ชิ้น)
A47: 46 | B47: กลาง | C47: ความสำเร็จ | E47: 펫 파티 세트 | F47: 펟 파티 세트 | H47: สะสมครบชุด สัตว์เลี้ยง ปาร์ตี้ (3 ชิ้น)

Sheet ร้านค้า
A1: # | B1: ความสำคัญ | C1: ที่มา (หน้า/บท/ฉาก) | D1: ผู้พูด | E1: 한국어 (เกาหลี) | F1: เสียงอ่านจริง (สร้างอัตโนมัติ — กฎการออกเสียง) | G1: คำอ่านไทย (ที่แอปแสดง) | H1: คำแปลไทย (ที่แอปแสดง) | I1: หมายเหตุจากผู้พัฒนา | J1: ① 한국어 ถูกต้อง/เป็นธรรมชาติ? | K1: ① ข้อเสนอแก้ 한국어 | L1: ② คำอ่านไทยตรงกับเสียงจริง? | M1: ② ข้อเสนอคำอ่านไทย | N1: ③ คำแปลไทยถูกต้อง? | O1: ③ ข้อเสนอคำแปล | P1: ความเห็นอื่น ๆ
A2: 1 | B2: ต่ำ | C2: อาหารสัตว์เลี้ยง | E2: 우유 | G2: อูยู | H2: นม
A3: 2 | B3: ต่ำ | C3: อาหารสัตว์เลี้ยง | E3: 바나나우유 | G3: บานานาอูยู | H3: นมกล้วย
A4: 3 | B4: ต่ำ | C4: อาหารสัตว์เลี้ยง | E4: 김밥 | G4: กิมบับ | H4: กิมบับ
A5: 4 | B5: ต่ำ | C5: อาหารสัตว์เลี้ยง | E5: 떡볶이 | F5: 떡뽀끼 | G5: ต็อกโปกี | H5: ต็อกโปกี
A6: 5 | B6: ต่ำ | C6: อาหารสัตว์เลี้ยง | E6: 송편 | G6: ซงพยอน | H6: ซงพยอน (ขนมข้าวชูซอก)
A7: 6 | B7: ต่ำ | C7: อาหารสัตว์เลี้ยง | E7: 삼겹살 | F7: 삼겹쌀 | G7: ซัมกยอบซัล | H7: หมูสามชั้นย่าง
A8: 7 | B8: ต่ำ | C8: ไอเทมแต่งตัว (top) | E8: 파란 티셔츠 | H8: เสื้อยืดสีฟ้า
A9: 8 | B9: ต่ำ | C9: ไอเทมแต่งตัว (top) | E9: 빨간 후드티 | H9: ฮู้ดสีแดง
A10: 9 | B10: ต่ำ | C10: ไอเทมแต่งตัว (top) | E10: 초록 티셔츠 | H10: เสื้อยืดสีเขียว
A11: 10 | B11: ต่ำ | C11: ไอเทมแต่งตัว (top) | E11: 노란 티셔츠 | H11: เสื้อยืดสีเหลือง
A12: 11 | B12: ต่ำ | C12: ไอเทมแต่งตัว (top) | E12: 분홍 티셔츠 | H12: เสื้อยืดสีชมพู
A13: 12 | B13: ต่ำ | C13: ไอเทมแต่งตัว (top) | E13: 검은 티셔츠 | F13: 거믄 티셔츠 | H13: เสื้อยืดสีดำ
A14: 13 | B14: ต่ำ | C14: ไอเทมแต่งตัว (top) | E14: 교복 | H14: ชุดนักเรียน
A15: 14 | B15: ต่ำ | C15: ไอเทมแต่งตัว (top) | E15: 한복 | H15: ชุดฮันบก
A16: 15 | B16: ต่ำ | C16: ไอเทมแต่งตัว (bottom) | E16: 남색 바지 | H16: กางเกงสีกรม
A17: 16 | B17: ต่ำ | C17: ไอเทมแต่งตัว (bottom) | E17: 남색 치마 | H17: กระโปรงสีกรม
A18: 17 | B18: ต่ำ | C18: ไอเทมแต่งตัว (bottom) | E18: 카키 바지 | H18: กางเกงสีกากี
A19: 18 | B19: ต่ำ | C19: ไอเทมแต่งตัว (bottom) | E19: 청반바지 | H19: กางเกงยีนส์ขาสั้น
A20: 19 | B20: ต่ำ | C20: ไอเทมแต่งตัว (bottom) | E20: 분홍 치마 | H20: กระโปรงสีชมพู
A21: 20 | B21: ต่ำ | C21: ไอเทมแต่งตัว (bottom) | E21: 검은 바지 | F21: 거믄 바지 | H21: กางเกงสีดำ
A22: 21 | B22: ต่ำ | C22: ไอเทมแต่งตัว (shoes) | E22: 운동화 | H22: รองเท้าผ้าใบสีขาว
A23: 22 | B23: ต่ำ | C23: ไอเทมแต่งตัว (shoes) | E23: 부츠 | H23: รองเท้าบูท
A24: 23 | B24: ต่ำ | C24: ไอเทมแต่งตัว (hat) | E24: 비니 | H24: หมวกไหมพรม
A25: 24 | B25: ต่ำ | C25: ไอเทมแต่งตัว (hat) | E25: 머리띠 | H25: ที่คาดผม
A26: 25 | B26: ต่ำ | C26: ไอเทมแต่งตัว (hat) | E26: 꽃 핀 | F26: 꼳 핀 | H26: กิ๊บดอกไม้
A27: 26 | B27: ต่ำ | C27: ไอเทมแต่งตัว (hat) | E27: 야구 모자 | H27: หมวกแก๊ป
A28: 27 | B28: ต่ำ | C28: ไอเทมแต่งตัว (hat) | E28: 고양이 귀 | H28: ที่คาดผมหูแมว
A29: 28 | B29: ต่ำ | C29: ไอเทมแต่งตัว (hat) | E29: 베레모 | H29: หมวกเบเร่ต์
A30: 29 | B30: ต่ำ | C30: ไอเทมแต่งตัว (hat) | E30: 토끼 귀 | H30: ที่คาดผมหูกระต่าย
A31: 30 | B31: ต่ำ | C31: ไอเทมแต่งตัว (hat) | E31: 갓 | F31: 갇 | H31: หมวกกัด (โบราณ)
A32: 31 | B32: ต่ำ | C32: ไอเทมแต่งตัว (hat) | E32: 왕관 | H32: มงกุฎ
A33: 32 | B33: ต่ำ | C33: ไอเทมแต่งตัว (hat) | E33: 호랑이 귀 | H33: หูเสือ (ของพิเศษ)
A34: 33 | B34: ต่ำ | C34: ไอเทมแต่งตัว (glasses) | E34: 안경 | H34: แว่นตา
A35: 34 | B35: ต่ำ | C35: ไอเทมแต่งตัว (glasses) | E35: 동그란 안경 | H35: แว่นกลม
A36: 35 | B36: ต่ำ | C36: ไอเทมแต่งตัว (glasses) | E36: 선글라스 | H36: แว่นกันแดด
A37: 36 | B37: ต่ำ | C37: ไอเทมแต่งตัว (neck) | E37: 나비넥타이 | H37: โบว์ผูกคอ
A38: 37 | B38: ต่ำ | C38: ไอเทมแต่งตัว (neck) | E38: 목도리 | F38: 목또리 | H38: ผ้าพันคอ
A39: 38 | B39: ต่ำ | C39: ไอเทมแต่งตัว (neck) | E39: 목걸이 | F39: 목꺼리 | H39: สร้อยคอ
A40: 39 | B40: ต่ำ | C40: ไอเทมแต่งตัว (neck) | E40: 메달 | H40: เหรียญรางวัล (ของพิเศษ)
A41: 40 | B41: ต่ำ | C41: ไอเทมแต่งตัว (back) | E41: 배낭 | H41: กระเป๋าเป้
A42: 41 | B42: ต่ำ | C42: ไอเทมแต่งตัว (top) | E42: 흰 티셔츠 | H42: เสื้อยืดสีขาว
A43: 42 | B43: ต่ำ | C43: ไอเทมแต่งตัว (top) | E43: 네이비 티셔츠 | H43: เสื้อยืดสีกรม
A44: 43 | B44: ต่ำ | C44: ไอเทมแต่งตัว (top) | E44: 주황 티셔츠 | H44: เสื้อยืดสีส้ม
A45: 44 | B45: ต่ำ | C45: ไอเทมแต่งตัว (top) | E45: 민트 티셔츠 | H45: เสื้อยืดสีมิ้นต์
A46: 45 | B46: ต่ำ | C46: ไอเทมแต่งตัว (top) | E46: 보라 티셔츠 | H46: เสื้อยืดสีม่วง
A47: 46 | B47: ต่ำ | C47: ไอเทมแต่งตัว (top) | E47: 회색 티셔츠 | H47: เสื้อยืดสีเทา
A48: 47 | B48: ต่ำ | C48: ไอเทมแต่งตัว (top) | E48: 크림 티셔츠 | H48: เสื้อยืดสีครีม
A49: 48 | B49: ต่ำ | C49: ไอเทมแต่งตัว (top) | E49: 와인 티셔츠 | H49: เสื้อยืดสีไวน์
A50: 49 | B50: ต่ำ | C50: ไอเทมแต่งตัว (top) | E50: 하늘 티셔츠 | H50: เสื้อยืดสีฟ้าอ่อน
A51: 50 | B51: ต่ำ | C51: ไอเทมแต่งตัว (top) | E51: 줄무늬 티 | H51: เสื้อลายทาง
A52: 51 | B52: ต่ำ | C52: ไอเทมแต่งตัว (top) | E52: 후드 집업 | F52: 후드 지법 | H52: ฮู้ดซิป
A53: 52 | B53: ต่ำ | C53: ไอเทมแต่งตัว (top) | E53: 유니폼 | H53: เสื้อทีมกีฬา
A54: 53 | B54: ต่ำ | C54: ไอเทมแต่งตัว (top) | E54: 정장 | H54: สูทสุดเนี้ยบ
A55: 54 | B55: ต่ำ | C55: ไอเทมแต่งตัว (top) | E55: 가디건 | H55: คาร์ดิแกน
A56: 55 | B56: ต่ำ | C56: ไอเทมแต่งตัว (top) | E56: 멜빵바지 | H56: ชุดเอี๊ยม
A57: 56 | B57: ต่ำ | C57: ไอเทมแต่งตัว (top) | E57: 패딩 | H57: เสื้อพองกันหนาว
A58: 57 | B58: ต่ำ | C58: ไอเทมแต่งตัว (top) | E58: 세일러복 | H58: ชุดกะลาสี
A59: 58 | B59: ต่ำ | C59: ไอเทมแต่งตัว (top) | E59: 크롭티 | H59: ครอปท็อปเผยเอว
A60: 59 | B60: ต่ำ | C60: ไอเทมแต่งตัว (top) | E60: 리본 블라우스 | H60: เบลาส์ผูกโบว์
A61: 60 | B61: ต่ำ | C61: ไอเทมแต่งตัว (top) | E61: 오프숄더 | H61: เสื้อเปิดไหล่
A62: 61 | B62: ต่ำ | C62: ไอเทมแต่งตัว (top) | E62: 나시 | H62: เสื้อกล้าม
A63: 62 | B63: ต่ำ | C63: ไอเทมแต่งตัว (top) | E63: 카라 티 | H63: เสื้อโปโล
A64: 63 | B64: ต่ำ | C64: ไอเทมแต่งตัว (top) | E64: 야구점퍼 | H64: แจ็กเก็ตเบสบอล
... A71: 70 | B71: ต่ำ | C71: ไอเทมแต่งตัว (bottom) | E71: 조거 팬츠 | H71: กางเกงจ๊อกเกอร์
A72: 71 | B72: ต่ำ | C72: ไอเทมแต่งตัว (bottom) | E72: 검은 조거 | F72: 거믄 조거 | H72: จ๊อกเกอร์สีดำ
A73: 72 | B73: ต่ำ | C73: ไอเทมแต่งตัว (bottom) | E73: 검은 반바지 | F73: 거믄 반바지 | H73: ขาสั้นสีดำ
A74: 73 | B74: ต่ำ | C74: ไอเทมแต่งตัว (bottom) | E74: 카키 반바지 | H74: ขาสั้นสีกากี
A75: 74 | B75: ต่ำ | C75: ไอเทมแต่งตัว (bottom) | E75: 분홍 반바지 | H75: ขาสั้นสีชมพู
A76: 75 | B76: ต่ำ | C76: ไอเทมแต่งตัว (bottom) | E76: 빨간 반바지 | H76: ขาสั้นสีแดง
A77: 76 | B77: ต่ำ | C77: ไอเทมแต่งตัว (bottom) | E77: 카고 바지 | H77: กางเกงคาร์โก้
A78: 77 | B78: ต่ำ | C78: ไอเทมแต่งตัว (bottom) | E78: 하이웨이스트 반바지 | H78: กางเกงขาสั้นเอวสูง
A79: 78 | B79: ต่ำ | C79: ไอเทมแต่งตัว (bottom) | E79: 빨간 치마 | H79: กระโปรงสีแดง
A80: 79 | B80: ต่ำ | C80: ไอเทมแต่งตัว (bottom) | E80: 민트 치마 | H80: กระโปรงสีมิ้นต์
A81: 80 | B81: ต่ำ | C81: ไอเทมแต่งตัว (bottom) | E81: 검은 치마 | F81: 거믄 치마 | H81: กระโปรงสีดำ
A82: 81 | B82: ต่ำ | C82: ไอเทมแต่งตัว (bottom) | E82: 노란 치마 | H82: กระโปรงสีเหลือง
A83: 82 | B83: ต่ำ | C83: ไอเทมแต่งตัว (bottom) | E83: 체크 치마 | H83: กระโปรงลายสก๊อต
A84: 83 | B84: ต่ำ | C84: ไอเทมแต่งตัว (bottom) | E84: 롱스커트 네이비 | H84: กระโปรงยาวสีกรม
A85: 84 | B85: ต่ำ | C85: ไอเทมแต่งตัว (bottom) | E85: 롱스커트 와인 | H85: กระโปรงยาวสีไวน์
A86: 85 | B86: ต่ำ | C86: ไอเทมแต่งตัว (bottom) | E86: 롱스커트 크림 | H86: กระโปรงยาวสีครีม
A87: 86 | B87: ต่ำ | C87: ไอเทมแต่งตัว (shoes) | E87: 빨간 운동화 | H87: รองเท้าผ้าใบสีแดง
A88: 87 | B88: ต่ำ | C88: ไอเทมแต่งตัว (shoes) | E88: 검은 운동화 | F88: 거믄 운동화 | H88: รองเท้าผ้าใบสีดำ
A89: 88 | B89: ต่ำ | C89: ไอเทมแต่งตัว (shoes) | E89: 분홍 운동화 | H89: รองเท้าผ้าใบสีชมพู
A90: 89 | B90: ต่ำ | C90: ไอเทมแต่งตัว (shoes) | E90: 파란 운동화 | H90: รองเท้าผ้าใบสีฟ้า
A91: 90 | B91: ต่ำ | C91: ไอเทมแต่งตัว (shoes) | E91: 골드 운동화 | H91: รองเท้าผ้าใบสีทอง
A92: 91 | B92: ต่ำ | C92: ไอเทมแต่งตัว (shoes) | E92: 로퍼 | H92: รองเท้าโลฟเฟอร์
A93: 92 | B93: ต่ำ | C93: ไอเทมแต่งตัว (shoes) | E93: 슬리퍼 | H93: รองเท้าแตะในบ้าน
A94: 93 | B94: ต่ำ | C94: ไอเทมแต่งตัว (shoes) | E94: 검은 부츠 | F94: 거믄 부츠 | H94: บูทสีดำ
A95: 94 | B95: ต่ำ | C95: ไอเทมแต่งตัว (shoes) | E95: 꽃신 | F95: 꼳씬 | H95: รองเท้าฮันบก
A96: 95 | B96: ต่ำ | C96: ไอเทมแต่งตัว (hat) | E96: 산타 모자 | H96: หมวกซานต้า
A97: 96 | B97: ต่ำ | C97: ไอเทมแต่งตัว (hat) | E97: 마녀 모자 | H97: หมวกแม่มด
A98: 97 | B98: ต่ำ | C98: ไอเทมแต่งตัว (hat) | E98: 요리사 모자 | H98: หมวกเชฟ
A99: 98 | B99: ต่ำ | C99: ไอเทมแต่งตัว (hat) | E99: 고깔모자 | H99: หมวกปาร์ตี้
A100: 99 | B100: ต่ำ | C100: ไอเทมแต่งตัว (hat) | E100: 곰 귀 | H100: ที่คาดผมหูหมี
A101: 100 | B101: ต่ำ | C101: ไอเทมแต่งตัว (hat) | E101: 여우 귀 | H101: ที่คาดผมหูจิ้งจอก
A102: 101 | B102: ต่ำ | C102: ไอเทมแต่งตัว (hat) | E102: 악마 뿔 | F102: 앙마 뿔 | H102: เขาปีศาจ
A103: 102 | B103: ต่ำ | C103: ไอเทมแต่งตัว (hat) | E103: 천사 링 | H103: วงแหวนนางฟ้า
A104: 103 | B104: ต่ำ | C104: ไอเทมแต่งตัว (hat) | E104: 헤드폰 | H104: หูฟังครอบหู
A105: 104 | B105: ต่ำ | C105: ไอเทมแต่งตัว (hat) | E105: 리본 핀 | H105: กิ๊บโบว์
A106: 105 | B106: ต่ำ | C106: ไอเทมแต่งตัว (hat) | E106: 꽃관 | F106: 꼳꽌 | H106: มงกุฎดอกไม้
...

Sheet ฟังเสียง
A1: เสียงพูดที่อยากให้ฟัง (เปิดแอป → ปุ่ม 🔊 ของคำนั้น) | B1: ข้อความ | C1: วิธีไปฟัง | D1: เหตุผลที่ขอให้ฟัง | E1: ฟังแล้วเป็นอย่างไร? | F1: ความเห็น
A2: ครูฮานา และครูมินจุน (เลือกใน ⚙ ตั้งค่า) | B2: 오래 | C2: เรื่องตอน 1 · ช่วง 알 (คุณยายพูดว่า "이 알은 오래 기다렸어요") → หน้าสรุปคำศัพท์ ปุ่ม 🔊 | D2: เครื่องตรวจอัตโนมัติจับคำได้ต่ำ (ครูมินจุน 0%, ครูฮานา 50%) อาจเพี้ยนจริงหรืออาจเป็นข้อจำกัดของเครื่องตรวจ
A3: ครูฮานา และครูมินจุน (เลือกใน ⚙ ตั้งค่า) | B3: 곶감 | C3: เรื่องตอน 1 · ช่วง "นิทานเสือกับลูกพลับแห้ง" (c1_tale) และคำตอบในตอน 3 | D3: คำที่เจอยากสำหรับเครื่อง (ทั้งสองเสียง 50%)
A4: ครูฮานา และครูมินจุน (เลือกใน ⚙ ตั้งค่า) | B4: 익어요 | C4: เรื่องตอน 3 · ช่วงทำซงพยอน ("솥에서 송편이 익어 가요") | D4: ทั้งสองเสียง 33%
A5: ครูฮานา และครูมินจุน (เลือกใน ⚙ ตั้งค่า) | B5: 어떻게 | C5: เรื่องตอน 3 · ช่วงทำซงพยอน ("어떻게 접었어요?") | D5: ครูฮานา 33%
A6: ครูฮานา และครูมินจุน (เลือกใน ⚙ ตั้งค่า) | B6: 돼요 | C6: เรื่องตอน 1 ("닭이 돼요") และตอน 3 ("이렇게 하면 돼요?") · บทเรียนร้านค้า ("카드 돼요?") | D6: ครูฮานา 50%
A7: ครูฮานา และครูมินจุน (เลือกใน ⚙ ตั้งค่า) | B7: 옛날 옛적에 | C7: เรื่องตอน 1 · นิทานเสือ ("옛날 옛적에 호랑이가 있었어요") | D7: ครูมินจุน 80%
A8: ครูฮานา และครูมินจุน (เลือกใน ⚙ ตั้งค่า) | B8: 기다려져요 | C8: เรื่องตอน 2 (จบ) และตอน 3 ("설날이 기다려져요") | D8: ทั้งสองเสียง 80%
A9: ครูฮานา และครูมินจุน (เลือกใน ⚙ ตั้งค่า) | B9: 죄송합니다 | C9: บทเรียน 인사 → ปุ่ม 🐢 ช้า | D9: คลิป "ช้า" ถูกยืดเวลา ×1.5 ตรวจ 40% (ครูมินจุน) — ฟังว่ายังเป็นธรรมชาติไหม
A10: ครูฮานา และครูมินจุน (เลือกใน ⚙ ตั้งค่า) | B10: 요리하다 | C10: บทเรียน → ปุ่ม 🐢 ช้า | D10: คลิป "ช้า" ตรวจ 50–75%
A11: ครูฮานา และครูมินจุน (เลือกใน ⚙ ตั้งค่า) | B11: 이를 닦다 | C11: บทเรียน → ปุ่ม 🐢 ช้า | D11: คลิป "ช้า" ตรวจ 75%
A12: ครูฮานา และครูมินจุน (เลือกใน ⚙ ตั้งค่า) | B12: ㄱ ㄴ ㄷ … (ชื่อพยัญชนะ 기역 니은 디귿) | C12: บทเรียน 자음 → ปุ่ม 🔊 / 🐢 | D12: พยางค์เดี่ยว/ชื่อตัวอักษรตรวจอัตโนมัติไม่ได้ ต้องฟังด้วยหูเท่านั้น
A13: ครูฮานา และครูมินจุน (เลือกใน ⚙ ตั้งค่า) | B13: 케이크 / 손풍선 / 곰이요 | C13: เรื่อง/สัตว์เลี้ยง | D13: คำที่ผู้พัฒนายังไม่เคยฟังยืนยัน
